6144046654;Audi A3 Limousine;39999;PLN;Bydgoszcz;https://www.otomoto.pl/osobowe/oferta/audi-a3-limousine-ID6HNNcG.html;Audi;A3 Limousine;;2020;80 000 km;Benzyna;1 984 cm3;204 KM;Automatyczna;;Auta małe;Czerwony;Używany;I1HiOBhOeaRStfCBQsbGqnLCSCTsjNzB+RRs/D0GJYkQ.1.RkMapd/5s7Vg5ULuZWUGeg==
6144046654;Audi A3 Limousine;39999;PLN;Bydgoszcz;https://www.otomoto.pl/osobowe/oferta/audi-a3-limousine-ID6HNNcG.html;Audi;A3 Limousine;;2020;80 000 km;Benzyna;1 984 cm3;204 KM;Automatyczna;;Auta małe;Czerwony;Używany;aZLrCziz9MkkJS320xn29+IOsdg+0hEW/ndPLWnojti7.1.rKRj6Qc1e/Q3c/js5ysYCA==
6145715949;Audi Q5 2.0 TFSI Quattro Design S tronic;43900;PLN;Łódź;https://www.otomoto.pl/osobowe/oferta/audi-q5-ID6HUNsN.html;Audi;Q5;2.0 TFSI Quattro Design S tronic;2017;167 176 km;Benzyna;1 984 cm3;252 KM;Automatyczna;4x4 (stały);SUV;Srebrny;Używany;v/Yca6m4MT2NS9dnYWT7bPqwQrptAUc/MGq8sQN3JH2n.1.1xbi45gMD5qTDBPZxbOsgQ==
6145715949;Audi Q5 2.0 TFSI Quattro Design S tronic;43900;PLN;Łódź;https://www.otomoto.pl/osobowe/oferta/audi-q5-ID6HUNsN.html;Audi;Q5;2.0 TFSI Quattro Design S tronic;2017;167 176 km;Benzyna;1 984 cm3;252 KM;Automatyczna;4x4 (stały);SUV;Srebrny;Używany;s5kyGZGeGWPAWqZfrnz9TZMIZwDNCvW3W3Avbs0vrclh.1.g4M8bIZLRSChQmpaPmnZHg==
6145715949;Audi Q5 2.0 TFSI Quattro Design S tronic;43900;PLN;Łódź;https://www.otomoto.pl/osobowe/oferta/audi-q5-ID6HUNsN.html;Audi;Q5;2.0 TFSI Quattro Design S tronic;2017;167 176 km;Benzyna;1 984 cm3;252 KM;Automatyczna;4x4 (stały);SUV;Srebrny;Używany;MRrGVB7RLssGcJPUpIg9s+/GBx39HUouo7j+QSrrPE39.1.sTNzKi6M4mApJmcPh8JWYg==
6145707858;Audi Q3 40 TDI Quattro Advanced S tronic;25000;PLN;Kielce;https://www.otomoto.pl/osobowe/oferta/audi-q3-ID6HULmi.html;Audi;Q3;40 TDI Quattro Advanced S tronic;2019;170 000 km;Diesel;1 968 cm3;190 KM;Automatyczna;4x4 (stały);SUV;Niebieski;Używany;97Sb8VBCokpcU+L33BNiX63DvFt91p6WW3kPj2jRcyAB.1.vtTz70cVf+y1KzdQnUyD7Q==
6145707858;Audi Q3 40 TDI Quattro Advanced S tronic;25000;PLN;Kielce;https://www.otomoto.pl/osobowe/oferta/audi-q3-ID6HULmi.html;Audi;Q3;40 TDI Quattro Advanced S tronic;2019;170 000 km;Diesel;1 968 cm3;190 KM;Automatyczna;4x4 (stały);SUV;Niebieski;Używany;MeBc7txzxntMeAAhoEH2afAYkRQYvU9sidzYr/9pQ6mt.1.TYLV18MBm+Moyrw5bgz9sw==
6145716608;Audi Q3 Sportback;158500;PLN;Bielsko-Biała;https://www.otomoto.pl/osobowe/oferta/audi-q3-sportback-ID6HUNDq.html;Audi;Q3 Sportback;;2024;17 800 km;Diesel;1 968 cm3;149 KM;Automatyczna;Na przednie koła;SUV;Szary;Używany;DXtIf8gNMImn286HErh3x09Qv2XAR9aTQfO3rKT2w1fD.1.wSHF9z/7E1NoBNOVOwzI9g==
6145716608;Audi Q3 Sportback;158500;PLN;Bielsko-Biała;https://www.otomoto.pl/osobowe/oferta/audi-q3-sportback-ID6HUNDq.html;Audi;Q3 Sportback;;2024;17 800 km;Diesel;1 968 cm3;149 KM;Automatyczna;Na przednie koła;SUV;Szary;Używany;9AmF9OWZDK0wOS2jjP11MwG+9uYl5BWwqYe5ZA8tkcmQ.1.vd4D3X3Vuuxw+vYXASfhQQ==
6142963017;Audi A6 Limousine;126900;PLN;Kadzidło;https://www.otomoto.pl/osobowe/oferta/audi-a6-limousine-ID6HJfiF.html;Audi;A6 Limousine;;2019;72 000 km;Benzyna;2 995 cm3;340 KM;Automatyczna;4x4 (dołączany automatycznie);Sedan;Czarny;Używany;4hto1AIu8Xlx71ZNJ4F+Eh2L6JflAnkui48teSXKNnbK.1./3XXzcTeyJrRYVU2JWZf3Q==
6142963017;Audi A6 Limousine;126900;PLN;Kadzidło;https://www.otomoto.pl/osobowe/oferta/audi-a6-limousine-ID6HJfiF.html;Audi;A6 Limousine;;2019;72 000 km;Benzyna;2 995 cm3;340 KM;Automatyczna;4x4 (dołączany automatycznie);Sedan;Czarny;Używany;iJIfZUxOVex9R62KPCVu6cOU7y4lxJP4SrupyP4U2JlF.1.GlFubFKoEyoltINMLOSBOA==
6145707238;Audi A5 Sportback;28900;PLN;Oleśnica;https://www.otomoto.pl/osobowe/oferta/audi-a5-sportback-ID6HULci.html;Audi;A5 Sportback;;2010;260 000 km;Diesel;2 967 cm3;240 KM;Manualna;;Coupe;Czarny;Używany;ibiLxyr9g4ct+Ue5I6KR5vFiZFMbzk1u0pKON+lQC8j5.1.eAxNb0fRJc2yKsJczOaouw==
6145707238;Audi A5 Sportback;28900;PLN;Oleśnica;https://www.otomoto.pl/osobowe/oferta/audi-a5-sportback-ID6HULci.html;Audi;A5 Sportback;;2010;260 000 km;Diesel;2 967 cm3;240 KM;Manualna;;Coupe;Czarny;Używany;gAvU+Mq9YUHWM+Ou+JXGnpdaVRpeMNi7vdLa4BUzGzkH.1.6T4XfETPQVO5/0KBMxeKmw==
6145710838;Audi A3 Sportback 1.6 Ambition;27300;PLN;Warszawa;https://www.otomoto.pl/osobowe/oferta/audi-a3-sportback-ID6HUM8m.html;Audi;A3 Sportback;1.6 Ambition;2008;174 100 km;Benzyna;1 595 cm3;102 KM;Manualna;;Kompakt;Srebrny;Używany;BFJ/mCVOKH1MmDr20yZIDLW4hosK1pCFFGdCwmvAVQ9H.1.xDO6zKE3sVCTMhQo3GVAEg==
6145710838;Audi A3 Sportback 1.6 Ambition;27300;PLN;Warszawa;https://www.otomoto.pl/osobowe/oferta/audi-a3-sportback-ID6HUM8m.html;Audi;A3 Sportback;1.6 Ambition;2008;174 100 km;Benzyna;1 595 cm3;102 KM;Manualna;;Kompakt;Srebrny;Używany;pGjfDMPT9+DgY3utwf8xahipuVjfYltDh/Dyds3MIeVP.1.a4fnBwpKeWJascx+UBRnKA==
6145707056;Audi A4 Limousine 1.8 TFSI Ambiente;18900;PLN;Staszów;https://www.otomoto.pl/osobowe/oferta/audi-a4-limousine-ID6HUL9m.html;Audi;A4 Limousine;1.8 TFSI Ambiente;2009;165 000 km;Benzyna;1 798 cm3;120 KM;Manualna;;Sedan;Srebrny;Używany;SbdgI+RRDMTeLuonZ8w3SZ5rCDi5orGzednGkRO6QLmx.1.YPwP/olaZ3fQWMUIVTdBtA==
6145707056;Audi A4 Limousine 1.8 TFSI Ambiente;18900;PLN;Staszów;https://www.otomoto.pl/osobowe/oferta/audi-a4-limousine-ID6HUL9m.html;Audi;A4 Limousine;1.8 TFSI Ambiente;2009;165 000 km;Benzyna;1 798 cm3;120 KM;Manualna;;Sedan;Srebrny;Używany;PwZehb5L1fqWumxgfPrHinWlf1poAiatCi/54SIZ2Y+5.1.TS4rhTFkKO7qvj9Lz2n4lQ==
6145686574;Audi A4 Avant 2.0 TDI DPF Quattro;32900;PLN;Stargard;https://www.otomoto.pl/osobowe/oferta/audi-a4-avant-ID6HUFP0.html;Audi;A4 Avant;2.0 TDI DPF Quattro;2012;182 000 km;Diesel;1 968 cm3;140 KM;Manualna;;Kombi;Srebrny;Używany;eqawA2We6PNEzfPxKrV/j4EwJfSVg+biYQ1C1FQFScHY.1.9GudI/Kq0kT/o7T3tJs/CQ==
6145686574;Audi A4 Avant 2.0 TDI DPF Quattro;32900;PLN;Stargard;https://www.otomoto.pl/osobowe/oferta/audi-a4-avant-ID6HUFP0.html;Audi;A4 Avant;2.0 TDI DPF Quattro;2012;182 000 km;Diesel;1 968 cm3;140 KM;Manualna;;Kombi;Srebrny;Używany;8TCSA5EkXLs8g6J7LlnsQGko++YAfChg0eC5pPeWw5OJ.1.L6eEnKs8CrW7kF2ZH24fFw==
6142952119;Audi RS3 Sportback;266000.01;PLN;Łódź;https://www.otomoto.pl/osobowe/oferta/audi-rs3-ID6HJcsT.html;Audi;RS3 Sportback;;2024;1 249 km;Benzyna;2 480 cm3;400 KM;Automatyczna;4x4 (stały);Kompakt;Czarny;Używany;m0rR/ZYMz5iImC0LEQ8FBoKZFr+xXqXrNP0kyElpSCLF.1.FXUf7V9uMBATgHryT+lF5w==
6142952119;Audi RS3 Sportback;266000.01;PLN;Łódź;https://www.otomoto.pl/osobowe/oferta/audi-rs3-ID6HJcsT.html;Audi;RS3 Sportback;;2024;1 249 km;Benzyna;2 480 cm3;400 KM;Automatyczna;4x4 (stały);Kompakt;Czarny;Używany;z3CVmaYpU9L1nxzCULPDdmXRbjS4NYW9Gj+pQJWwhctZ.1.vDF94jZyP+Zo61GQMt2fAQ==
6142952119;Audi RS3 Sportback;266000.01;PLN;Łódź;https://www.otomoto.pl/osobowe/oferta/audi-rs3-ID6HJcsT.html;Audi;RS3 Sportback;;2024;1 249 km;Benzyna;2 480 cm3;400 KM;Automatyczna;4x4 (stały);Kompakt;Czarny;Używany;iYxxP/TluI51mD3q9In/RIKgktvbRxnZjLwXdDGlsbnf.1.jI+AXgPFHzPmkoidX8REXw==
6145701309;Audi A3 Limousine 1.8 TFSI S tronic S line Sportpaket;47900;PLN;Szczecin;https://www.otomoto.pl/osobowe/oferta/audi-a3-limousine-ID6HUJEF.html;Audi;A3 Limousine;1.8 TFSI S tronic S line Sportpaket;2014;155 000 km;Benzyna;1 798 cm3;180 KM;Automatyczna;;Sedan;Biały;Używany;O3o34HZb7f8SGag5I5uxqzIaQ+aBhyVrnresEdVeOY6H.1.QpxBf2VETQ+fDFVoZ2Peyg==
6145701309;Audi A3 Limousine 1.8 TFSI S tronic S line Sportpaket;47900;PLN;Szczecin;https://www.otomoto.pl/osobowe/oferta/audi-a3-limousine-ID6HUJEF.html;Audi;A3 Limousine;1.8 TFSI S tronic S line Sportpaket;2014;155 000 km;Benzyna;1 798 cm3;180 KM;Automatyczna;;Sedan;Biały;Używany;0XTuCewi9zo2/NtBeE3JWRAaoghyqjyCc2MNeWTyFBNM.1.v/S/qEK+NbL0Xo4XvQ5i1w==
6145701309;Audi A3 Limousine 1.8 TFSI S tronic S line Sportpaket;47900;PLN;Szczecin;https://www.otomoto.pl/osobowe/oferta/audi-a3-limousine-ID6HUJEF.html;Audi;A3 Limousine;1.8 TFSI S tronic S line Sportpaket;2014;155 000 km;Benzyna;1 798 cm3;180 KM;Automatyczna;;Sedan;Biały;Używany;19nyAKd4pt8BNllAdupKWbKlVxhu+7XZGojB1upI1DI2.1.gFrLjVSD71YdueBzeyiIkQ==
6145695561;Audi A6 Limousine 3.0 TDI Quattro Tiptronic;19200;PLN;Dwikozy;https://www.otomoto.pl/osobowe/oferta/audi-a6-limousine-ID6HUI9X.html;Audi;A6 Limousine;3.0 TDI Quattro Tiptronic;2009;277 000 km;Diesel;2 967 cm3;240 KM;Automatyczna;4x4 (stały);Sedan;Czarny;Używany;yvpHIU7YucHSiZn88fgEwT67zszbWkGfCqhitspSCupc.1.6aVkyTZmF9NxQEK8vpru0Q==
6145695561;Audi A6 Limousine 3.0 TDI Quattro Tiptronic;19200;PLN;Dwikozy;https://www.otomoto.pl/osobowe/oferta/audi-a6-limousine-ID6HUI9X.html;Audi;A6 Limousine;3.0 TDI Quattro Tiptronic;2009;277 000 km;Diesel;2 967 cm3;240 KM;Automatyczna;4x4 (stały);Sedan;Czarny;Używany;oHMm2l/VjjsYB9GHctJJ2zWRYXCXp6V6nWfjCrxfyhUY.1.1VZU/8VZ+zBEhUgZnRjiQg==
6145695561;Audi A6 Limousine 3.0 TDI Quattro Tiptronic;19200;PLN;Dwikozy;https://www.otomoto.pl/osobowe/oferta/audi-a6-limousine-ID6HUI9X.html;Audi;A6 Limousine;3.0 TDI Quattro Tiptronic;2009;277 000 km;Diesel;2 967 cm3;240 KM;Automatyczna;4x4 (stały);Sedan;Czarny;Używany;hK8pWwYkNSi5BhGgP2U7Oz7gz4AeUDeQATB7jtCX40Fa.1.70RXx20TwjiMmfVPESDY7w==
6145705042;Audi A4 Avant 35 TDI S tronic advanced;81900;PLN;Zagórze;https://www.otomoto.pl/osobowe/oferta/audi-a4-avant-ID6HUKCS.html;Audi;A4 Avant;35 TDI S tronic advanced;2021;165 000 km;Diesel;1 968 cm3;163 KM;Automatyczna;Na przednie koła;Kombi;Inny kolor;Używany;shobd1+tXLSIfe4xXEA30vdAKdgAKYwux88bOtUyFpLT.1.TY+Tl6Gjshtqzqy7LCLVfQ==
6145705042;Audi A4 Avant 35 TDI S tronic advanced;81900;PLN;Zagórze;https://www.otomoto.pl/osobowe/oferta/audi-a4-avant-ID6HUKCS.html;Audi;A4 Avant;35 TDI S tronic advanced;2021;165 000 km;Diesel;1 968 cm3;163 KM;Automatyczna;Na przednie koła;Kombi;Inny kolor;Używany;T6Zv22Sowu948NWxSs9/LqrTT/FfjSYKrdXdhyNdn5uo.1.ug/LgLmrfC7J86gqQ0hSxQ==
6145705042;Audi A4 Avant 35 TDI S tronic advanced;81900;PLN;Zagórze;https://www.otomoto.pl/osobowe/oferta/audi-a4-avant-ID6HUKCS.html;Audi;A4 Avant;35 TDI S tronic advanced;2021;165 000 km;Diesel;1 968 cm3;163 KM;Automatyczna;Na przednie koła;Kombi;Inny kolor;Używany;xj4u9zBGoLQNf8rX1vudS25X57f1PU+ncGdZOLxE/gBL.1.P3DX6Jbel0m+hzhuLzQS5w==
6145007360;Audi Q7;120000;PLN;Kołobrzeg;https://www.otomoto.pl/osobowe/oferta/audi-q7-ID6HRP7V.html;Audi;Q7;;2019;105 000 km;Benzyna;2 995 cm3;333 KM;Automatyczna;4x4 (stały);SUV;Czarny;Używany;mf9tUCLHnGOLZKQaNDwkCOCoMOJZlxnorAGcZ1trQXFo.1.DtX7EtVfXxpsqI8cSJNNTA==
6145007360;Audi Q7;120000;PLN;Kołobrzeg;https://www.otomoto.pl/osobowe/oferta/audi-q7-ID6HRP7V.html;Audi;Q7;;2019;105 000 km;Benzyna;2 995 cm3;333 KM;Automatyczna;4x4 (stały);SUV;Czarny;Używany;3OsGR3APHOJHN4LJHysT6eqR+pJezqZZHJiI9KDABA6p.1.HT+nwY+5r/4lhUveMMidDw==
6142577506;Audi A8;329000;PLN;Kalisz;https://www.otomoto.pl/osobowe/oferta/audi-a8-ID6HHD0K.html;Audi;A8;;2023;55 245 km;Hybryda Plug-in;2 995 cm3;462 KM;Automatyczna;;Sedan;Czarny;Używany;M00KW0LLLl7fctaDU+DkA4EMBySInCID/U7ZVDHzJMJq.1.8JaUliYyJ+vinFu8LqgZRw==
6142577506;Audi A8;329000;PLN;Kalisz;https://www.otomoto.pl/osobowe/oferta/audi-a8-ID6HHD0K.html;Audi;A8;;2023;55 245 km;Hybryda Plug-in;2 995 cm3;462 KM;Automatyczna;;Sedan;Czarny;Używany;Y2aqFPKihZQc3Rh+5XZf8P/tl9piq5xgCNyQXeSxylN1.1.wxY/rXa7yec9uC3S5CBAjQ==
6141788480;Audi A4 Limousine 1.8 TFSI;27000;PLN;Sokolniki;https://www.otomoto.pl/osobowe/oferta/audi-a4-limousine-ID6HEjKv.html;Audi;A4 Limousine;1.8 TFSI;2010;148 000 km;Benzyna;1 798 cm3;120 KM;Manualna;Na przednie koła;Sedan;Czarny;Używany;ArOYKKQe+YMLGNXHul1OrYksNJP9iMwpkfxo+omZadfi.1.SrdrqVNY74DpQxBVXI/ZGA==
6141788480;Audi A4 Limousine 1.8 TFSI;27000;PLN;Sokolniki;https://www.otomoto.pl/osobowe/oferta/audi-a4-limousine-ID6HEjKv.html;Audi;A4 Limousine;1.8 TFSI;2010;148 000 km;Benzyna;1 798 cm3;120 KM;Manualna;Na przednie koła;Sedan;Czarny;Używany;6ABQO52q8BUQaoXQz/uEEWxgu3O7pEGOsYcCL0IfI4Ph.1.Oals2BwIC6PxKuZ1/KLaDQ==
6145715314;Audi SQ8;299899.99;PLN;Ząbki;https://www.otomoto.pl/osobowe/oferta/audi-sq8-ID6HUNiy.html;Audi;SQ8;;2020;96 500 km;Diesel;3 956 cm3;435 KM;Automatyczna;4x4 (stały);SUV;Biały;Używany;y76JyfAol/tkeoJrrjDe3/2/bJb617JfsIyUoc5tvIPW.1./DFGz7biqF/aN4RFCP8UNA==
6145715314;Audi SQ8;299899.99;PLN;Ząbki;https://www.otomoto.pl/osobowe/oferta/audi-sq8-ID6HUNiy.html;Audi;SQ8;;2020;96 500 km;Diesel;3 956 cm3;435 KM;Automatyczna;4x4 (stały);SUV;Biały;Używany;rjJhI3dQ+RjdJ4dYXqhJrGPxWHLb1sGuOUlqvwEPklK9.1.i1kGpKeoweg68XfT63KftQ==
6141339709;Audi SQ7 TFSI Quattro Tiptronic;289000;PLN;Józefosław;https://www.otomoto.pl/osobowe/oferta/audi-sq7-ID6HCr0h.html;Audi;SQ7;TFSI Quattro Tiptronic;2021;70 000 km;Benzyna;3 996 cm3;507 KM;Automatyczna;4x4 (stały);SUV;Czarny;Używany;w2khioorsUeq3s26w9W/Si8vVVajnDRun8SWHmNRNfdm.1.p2FgW/Wg63oa+H7jadw9Bw==
6144387888;Audi A6 Avant 3.0 TDI Quattro S tronic;36900;PLN;Warszawa;https://www.otomoto.pl/osobowe/oferta/audi-a6-avant-ID6HPdYs.html;Audi;A6 Avant;3.0 TDI Quattro S tronic;2011;313 000 km;Diesel;2 967 cm3;245 KM;Automatyczna;;Kombi;Brązowy;Używany;ZyqyBFjpXc8yVPL4Ufi71rsP9JXQdH/1TQUTNpubmU1Y.1./f4XbYWGcSU3Bj152fDSRQ==
6144359475;Audi A3 Sportback 1.6 TDI S tronic;46900;PLN;Kraków;https://www.otomoto.pl/osobowe/oferta/audi-a3-sportback-ID6HP6Ab.html;Audi;A3 Sportback;1.6 TDI S tronic;2017;161 000 km;Diesel;1 598 cm3;116 KM;Automatyczna;Na przednie koła;Kompakt;Szary;Używany;QBxWihwOPX7JO5FqBsOa6O0CeF3UlLEaTDIuPDF7eRT5.1.gBqllUEsY/iCjdcWisJ+xw==
6142979885;Audi Q5 40 TDI Quattro Sport S tronic;109000;PLN;Choszczno;https://www.otomoto.pl/osobowe/oferta/audi-q5-ID6HJjGJ.html;Audi;Q5;40 TDI Quattro Sport S tronic;2018;185 000 km;Diesel;1 968 cm3;190 KM;Automatyczna;4x4 (stały);SUV;Granatowy;Używany;reOM0JUlbfJt5viFz58su0cAhRa7vxzDacBOX86/eIGh.1.Ntr3+s2NxMsf1n18sspc7w==
6145657860;Audi A6 Avant 2.4;12999.87;PLN;Piaseczno;https://www.otomoto.pl/osobowe/oferta/audi-a6-avant-ID6HUylS.html;Audi;A6 Avant;2.4;2006;300 000 km;Benzyna+LPG;2 393 cm3;177 KM;Manualna;;Sedan;Czarny;Używany;efgko36oTImk0MpgnNJ8Ns/zkJwe0TaFXufFG+bCTyHu.1.uOuEZvUC9lrMR8rkDYDEvQ==
6145657860;Audi A6 Avant 2.4;12999.87;PLN;Piaseczno;https://www.otomoto.pl/osobowe/oferta/audi-a6-avant-ID6HUylS.html;Audi;A6 Avant;2.4;2006;300 000 km;Benzyna+LPG;2 393 cm3;177 KM;Manualna;;Sedan;Czarny;Używany;FNEt+0ttvWGoSDdx2OuuOGM/Hyyp4KqhnanEiOjaCHtJ.1.52ND9hR6NlD19oUo+4qEzw==
6145697301;Audi A8;339900;PLN;Warszawa;https://www.otomoto.pl/osobowe/oferta/audi-a8-ID6HUIC1.html;Audi;A8;;2025;42 615 km;Hybryda;2 995 cm3;462 KM;Automatyczna;4x4 (dołączany automatycznie);Sedan;Czarny;Używany;ZNoisQfSgrReVQk/gqznqcj3d+cM/hmF2OTVaHkfRWEV.1.SawcEBYiv5+hFjh4+ohQ2w==
6145697301;Audi A8;339900;PLN;Warszawa;https://www.otomoto.pl/osobowe/oferta/audi-a8-ID6HUIC1.html;Audi;A8;;2025;42 615 km;Hybryda;2 995 cm3;462 KM;Automatyczna;4x4 (dołączany automatycznie);Sedan;Czarny;Używany;NQ4Z0BIxbzYWaEWrmFIsIsPZcG+enAOKJt5FBUc64A6n.1.ww12xuooA29VqImCRgv9zg==
6145697301;Audi A8;339900;PLN;Warszawa;https://www.otomoto.pl/osobowe/oferta/audi-a8-ID6HUIC1.html;Audi;A8;;2025;42 615 km;Hybryda;2 995 cm3;462 KM;Automatyczna;4x4 (dołączany automatycznie);Sedan;Czarny;Używany;O6mTabi8Egb9nU0x842gfEwo7KbfomjFTr7zpB5QDJcD.1.IJNtzrEaIVEKYZ0S0UKu8g==
6145693264;Audi Q5 Sportback 40 TDI quattro S tronic S line;135900;PLN;Zbytków;https://www.otomoto.pl/osobowe/oferta/audi-q5-sportback-ID6HUHyU.html;Audi;Q5 Sportback;40 TDI quattro S tronic S line;2022;129 000 km;Diesel;1 968 cm3;204 KM;Automatyczna;4x4 (dołączany automatycznie);SUV;Srebrny;Używany;wFnNiaTTjapSNiqxRzpnY5ea1SKGkucyktko5pCtlJx0.1.4POjjP4clL2vHWVashWyXA==
6145693264;Audi Q5 Sportback 40 TDI quattro S tronic S line;135900;PLN;Zbytków;https://www.otomoto.pl/osobowe/oferta/audi-q5-sportback-ID6HUHyU.html;Audi;Q5 Sportback;40 TDI quattro S tronic S line;2022;129 000 km;Diesel;1 968 cm3;204 KM;Automatyczna;4x4 (dołączany automatycznie);SUV;Srebrny;Używany;K3oww9CppR3e7mCwTWZ3wgOtDNvGuuLLYcPu6bX20JQN.1.FaaNiw1TKmPhlfVm89HpdQ==
6145693264;Audi Q5 Sportback 40 TDI quattro S tronic S line;135900;PLN;Zbytków;https://www.otomoto.pl/osobowe/oferta/audi-q5-sportback-ID6HUHyU.html;Audi;Q5 Sportback;40 TDI quattro S tronic S line;2022;129 000 km;Diesel;1 968 cm3;204 KM;Automatyczna;4x4 (dołączany automatycznie);SUV;Srebrny;Używany;w0mwc7PYD7rk2wmx7bqT2Pil77jN4hmllD9JhvY+1HZr.1.GI6cBp7HR3DNxaU52Fipkw==
6145711277;Audi Q5;265286;PLN;Warszawa;https://www.otomoto.pl/osobowe/oferta/audi-q5-ID6HUMfr.html;Audi;Q5;;2025;1 km;Hybryda Plug-in;1 984 cm3;299 KM;Automatyczna;4x4 (stały);SUV;Szary;Nowy;nGftX1P/6coBRygS1hGztgRaUIKuCwmvEzkHGEicbwmL.1.8d9gsxQtnfiu0J/+4f1U4w==
6145711277;Audi Q5;265286;PLN;Warszawa;https://www.otomoto.pl/osobowe/oferta/audi-q5-ID6HUMfr.html;Audi;Q5;;2025;1 km;Hybryda Plug-in;1 984 cm3;299 KM;Automatyczna;4x4 (stały);SUV;Szary;Nowy;cl4rXJObXV9tqJFHfQXgxB+6Ix3j/7bOxvqeN6W3mMkn.1.5HBe/mIUR1gh0JRISA9Q/g==
6145711277;Audi Q5;265286;PLN;Warszawa;https://www.otomoto.pl/osobowe/oferta/audi-q5-ID6HUMfr.html;Audi;Q5;;2025;1 km;Hybryda Plug-in;1 984 cm3;299 KM;Automatyczna;4x4 (stały);SUV;Szary;Nowy;nWD5o7ehzFXhdV1vTLkChXm7UgOIoq5WhDDmOio98Kga.1.w489NOCb6/JJv9NGds5pWw==
6145712088;Audi Q5;141900;PLN;Warszawa;https://www.otomoto.pl/osobowe/oferta/audi-q5-ID6HUMsv.html;Audi;Q5;;2019;123 000 km;Hybryda;1 984 cm3;245 KM;Automatyczna;;SUV;Szary;Używany;tfDjE10aTMKp5nnpfzVt4LOvYoEj693zDabmNEQBKXC/.1.XbfKeMuaDV2l/ZigILHOkw==
6145712088;Audi Q5;141900;PLN;Warszawa;https://www.otomoto.pl/osobowe/oferta/audi-q5-ID6HUMsv.html;Audi;Q5;;2019;123 000 km;Hybryda;1 984 cm3;245 KM;Automatyczna;;SUV;Szary;Używany;C5rhfbyGRNH2FMOu8NlTRNhaewxy83Tgy2IOlLSQVvFG.1.SsCIpBv2C4QAg7FjyjPZcQ==
6145710474;Audi A6 Avant 4.2 FSI Quattro Tiptronic;34950;PLN;Warszawa;https://www.otomoto.pl/osobowe/oferta/audi-a6-avant-ID6HUM2u.html;Audi;A6 Avant;4.2 FSI Quattro Tiptronic;2006;251 500 km;Benzyna;4 163 cm3;350 KM;Automatyczna;;Kombi;Niebieski;Używany;qwu/om58gY22BslQavPBkqQ8l7sqh1ldAVo0aVMKp/UG.1.s7E5NKFd7R2/ct5/4kXObA==
6145710474;Audi A6 Avant 4.2 FSI Quattro Tiptronic;34950;PLN;Warszawa;https://www.otomoto.pl/osobowe/oferta/audi-a6-avant-ID6HUM2u.html;Audi;A6 Avant;4.2 FSI Quattro Tiptronic;2006;251 500 km;Benzyna;4 163 cm3;350 KM;Automatyczna;;Kombi;Niebieski;Używany;EE450Z2jB253+2i/AhWBYlBjZSkt45u1rRBMVO39LtgY.1.NTvUoy65R5YILWFQQGjTHA==
6145708235;Audi A8 3.0 TDI DPF clean quattro tiptronic;89600;PLN;Kuczki Kolonia;https://www.otomoto.pl/osobowe/oferta/audi-a8-ID6HULsn.html;Audi;A8;3.0 TDI DPF clean quattro tiptronic;2015;159 000 km;Diesel;2 967 cm3;258 KM;Automatyczna;4x4 (dołączany automatycznie);Sedan;Czarny;Używany;fdc4XyPWb/BadQi/uXQV/p6jNWxFH6buWMSsAAs5w2dz.1.7/3wWbaGBcnpZzmHwm6L/Q==
6145708235;Audi A8 3.0 TDI DPF clean quattro tiptronic;89600;PLN;Kuczki Kolonia;https://www.otomoto.pl/osobowe/oferta/audi-a8-ID6HULsn.html;Audi;A8;3.0 TDI DPF clean quattro tiptronic;2015;159 000 km;Diesel;2 967 cm3;258 KM;Automatyczna;4x4 (dołączany automatycznie);Sedan;Czarny;Używany;x23voSu4gylFu9HkZUuj1p2EGwJxpJTPYWpPFgoFlC2L.1.cLfard9gd7FgBVqxEAyOnQ==
6145712678;Audi A3 3-drzwiowe 1.4 TFSI Attraction;39900;PLN;Wrocław;https://www.otomoto.pl/osobowe/oferta/audi-a3-3-drzwiowe-ID6HUMC2.html;Audi;A3 3-drzwiowe;1.4 TFSI Attraction;2013;158 545 km;Benzyna;1 395 cm3;122 KM;Manualna;Na przednie koła;Kompakt;Czarny;Używany;gjHxMh1TK2B5XQIl/oIL33fSd1pQWwjb5JzebVLmry24.1.iQltLoHr5p5UWCobXX4aVg==
6145712678;Audi A3 3-drzwiowe 1.4 TFSI Attraction;39900;PLN;Wrocław;https://www.otomoto.pl/osobowe/oferta/audi-a3-3-drzwiowe-ID6HUMC2.html;Audi;A3 3-drzwiowe;1.4 TFSI Attraction;2013;158 545 km;Benzyna;1 395 cm3;122 KM;Manualna;Na przednie koła;Kompakt;Czarny;Używany;BpRAXWd4gMjLjTBtWoFOLl0e0A47s4upgQx7vby/8zGn.1.L++jB3afZ/vbclhUj9YIZg==
6140413459;Audi A4 Limousine 40 TFSI quattro S tronic advanced;95000;PLN;Konstantynów Łódzki;https://www.otomoto.pl/osobowe/oferta/audi-a4-limousine-ID6Hyy2L.html;Audi;A4 Limousine;40 TFSI quattro S tronic advanced;2022;33 000 km;Benzyna;1 984 cm3;204 KM;Automatyczna;4x4 (stały);Sedan;Biały;Używany;5jRxwqLzxIs6haA2+2Xq6zVGuVESuaLJYvZIZ58U9lx0.1.U9zmd/GDkaOPMPNycSDHqw==
6140413459;Audi A4 Limousine 40 TFSI quattro S tronic advanced;95000;PLN;Konstantynów Łódzki;https://www.otomoto.pl/osobowe/oferta/audi-a4-limousine-ID6Hyy2L.html;Audi;A4 Limousine;40 TFSI quattro S tronic advanced;2022;33 000 km;Benzyna;1 984 cm3;204 KM;Automatyczna;4x4 (stały);Sedan;Biały;Używany;IAS4XzjLRtdWwy5QksJ+5vEb/8ws+ImuSboUntVcvTIO.1.MR/rR6+M2y4fAAR/XGTi9Q==
6144833146;Audi A4 Limousine;20899;PLN;Czerwin;https://www.otomoto.pl/osobowe/oferta/audi-a4-limousine-ID6HR5O2.html;Audi;A4 Limousine;;2007;241 000 km;Benzyna+LPG;1 595 cm3;102 KM;Manualna;;Sedan;Szary;Używany;dw4wBev6yNEkkXtJdLjumH5Fo7mzYWIYL/njhW7ghGcv.1.oiYCbwJC/nkNcIUgnNeJ9w==
6144833146;Audi A4 Limousine;20899;PLN;Czerwin;https://www.otomoto.pl/osobowe/oferta/audi-a4-limousine-ID6HR5O2.html;Audi;A4 Limousine;;2007;241 000 km;Benzyna+LPG;1 595 cm3;102 KM;Manualna;;Sedan;Szary;Używany;lBeGFjeobLyDz69sDb+epZHYJNYTCvympdNvcNJYzJYS.1.WEM4bXhXQNIoivY+q0i0ig==
6144915402;Audi Q5;105000;PLN;Siedlce;https://www.otomoto.pl/osobowe/oferta/audi-q5-ID6HRrcK.html;Audi;Q5;;2021;34 000 km;Benzyna;1 984 cm3;264 KM;Automatyczna;;SUV;Czarny;Używany;JpM0D3589Z54WalQsHbSDpAZrQFoi0L+U1KCkokfC6UX.1.xoURchmxe3Os9KtEzZ7+Sw==
6144915402;Audi Q5;105000;PLN;Siedlce;https://www.otomoto.pl/osobowe/oferta/audi-q5-ID6HRrcK.html;Audi;Q5;;2021;34 000 km;Benzyna;1 984 cm3;264 KM;Automatyczna;;SUV;Czarny;Używany;76ZVqRoLgaJ7yu/RJVKV1gEqJB+DLwQXt4SZMh0n626f.1.eNGImi8w3z1IipOjZCZckg==
6145697344;Audi A8;359900;PLN;Warszawa;https://www.otomoto.pl/osobowe/oferta/audi-a8-ID6HUICI.html;Audi;A8;;2024;23 614 km;Hybryda Plug-in;2 995 cm3;462 KM;Automatyczna;4x4 (stały);Sedan;Czarny;Używany;bInBRXKLtybWtJEHwcwbazzMZnFJNbrno+kQCfPpbc92.1.4svUVGE/mvWY1vGlciZQYQ==
6145697344;Audi A8;359900;PLN;Warszawa;https://www.otomoto.pl/osobowe/oferta/audi-a8-ID6HUICI.html;Audi;A8;;2024;23 614 km;Hybryda Plug-in;2 995 cm3;462 KM;Automatyczna;4x4 (stały);Sedan;Czarny;Używany;vygUBLq8lU0MzSIMXF44DWX6Oi9bYIdEnLQeEUHRs7KC.1.ruOjC0qjkfBEQg836s+2gw==
6145697344;Audi A8;359900;PLN;Warszawa;https://www.otomoto.pl/osobowe/oferta/audi-a8-ID6HUICI.html;Audi;A8;;2024;23 614 km;Hybryda Plug-in;2 995 cm3;462 KM;Automatyczna;4x4 (stały);Sedan;Czarny;Używany;mqxwcJ1BpHa8hDjv6oa1RsCw7EI2d87+5teDfQ1PzDWy.1.j93nvTbcJZfI+Rupnp1ooQ==
6144417296;Audi SQ7 4.0 TDI Quattro Tiptronic;345000;PLN;Baranowo;https://www.otomoto.pl/osobowe/oferta/audi-sq7-ID6HPlCM.html;Audi;SQ7;4.0 TDI Quattro Tiptronic;2020;82 000 km;Diesel;3 956 cm3;435 KM;Automatyczna;4x4 (dołączany automatycznie);SUV;Inny kolor;Używany;oeJ2AmkO9f3/xi43Wny3D5x/Oj/XLWwhTFWvWYIxXD7p.1.t5sfpn1RVp9ORWQaGgnJrQ==
6144417296;Audi SQ7 4.0 TDI Quattro Tiptronic;345000;PLN;Baranowo;https://www.otomoto.pl/osobowe/oferta/audi-sq7-ID6HPlCM.html;Audi;SQ7;4.0 TDI Quattro Tiptronic;2020;82 000 km;Diesel;3 956 cm3;435 KM;Automatyczna;4x4 (dołączany automatycznie);SUV;Inny kolor;Używany;gjdnvOm+TI7a32rp97Smh3Vv+RFx43wAoXqeFXUbVna8.1.+maTBIjvVNsQ9xdn2m+bvg==
6144417296;Audi SQ7 4.0 TDI Quattro Tiptronic;345000;PLN;Baranowo;https://www.otomoto.pl/osobowe/oferta/audi-sq7-ID6HPlCM.html;Audi;SQ7;4.0 TDI Quattro Tiptronic;2020;82 000 km;Diesel;3 956 cm3;435 KM;Automatyczna;4x4 (dołączany automatycznie);SUV;Inny kolor;Używany;FY+RzVupQXhoTY+3UqxAarfnk4XSdZ2M4GwYItXzXeLs.1.H2jtHyaXnIHB5WjDMjyafw==
6142952212;Audi S3 Limousine TFSI Quattro S tronic;215000;PLN;Łódź;https://www.otomoto.pl/osobowe/oferta/audi-s3-limousine-ID6HJcuo.html;Audi;S3 Limousine;TFSI Quattro S tronic;2024;2 605 km;Benzyna;1 984 cm3;333 KM;Automatyczna;4x4 (stały);Sedan;Czarny;Używany;R4oLqW4kq807jvDGOutuILec+/ivDh9YpGmv5b2aGh+Z.1.p8/kj4aj9G2CSk/qehzgkg==
6142952212;Audi S3 Limousine TFSI Quattro S tronic;215000;PLN;Łódź;https://www.otomoto.pl/osobowe/oferta/audi-s3-limousine-ID6HJcuo.html;Audi;S3 Limousine;TFSI Quattro S tronic;2024;2 605 km;Benzyna;1 984 cm3;333 KM;Automatyczna;4x4 (stały);Sedan;Czarny;Używany;/LMO+O4e5+MhcxQz99Hm3BnNZYnO5o82U3afM5YfqXQd.1.rbNiuh8H5w6SrfHsPgvAfA==
6145708903;Audi A6 Limousine;77900;PLN;Legionowo;https://www.otomoto.pl/osobowe/oferta/audi-a6-limousine-ID6HULD9.html;Audi;A6 Limousine;;2016;161 000 km;Benzyna;2 995 cm3;333 KM;Automatyczna;4x4 (stały);Sedan;Srebrny;Używany;8XFgeZZ3XbrUhzV2FsYIAJOWEdKnfsaWlTjP7YvB129U.1.71rvWyCmg34g0DraLQEPYQ==
6145708903;Audi A6 Limousine;77900;PLN;Legionowo;https://www.otomoto.pl/osobowe/oferta/audi-a6-limousine-ID6HULD9.html;Audi;A6 Limousine;;2016;161 000 km;Benzyna;2 995 cm3;333 KM;Automatyczna;4x4 (stały);Sedan;Srebrny;Używany;943NElOmzDpZi81BamoAH0AgPjVLLMw0D1TGwDk/Bbo8.1.TIrP5b8YjIxiZD2Or7uKmg==
6145717927;BMW Seria 5 540d xDrive mHEV sport;185000;PLN;Piaseczna Górka;https://www.otomoto.pl/osobowe/oferta/bmw-seria-5-ID6HUNYH.html;BMW;Seria 5;540d xDrive mHEV sport;2022;105 000 km;Hybryda;2 993 cm3;340 KM;Automatyczna;4x4 (stały);Sedan;Granatowy;Używany;KK4ARyp0U/lkpQ7Dfu2uoC3t1KM8AHgAnT/MHT0admhv.1.nh5/nc6uQsrW9I9M4l8zPQ==
6145717927;BMW Seria 5 540d xDrive mHEV sport;185000;PLN;Piaseczna Górka;https://www.otomoto.pl/osobowe/oferta/bmw-seria-5-ID6HUNYH.html;BMW;Seria 5;540d xDrive mHEV sport;2022;105 000 km;Hybryda;2 993 cm3;340 KM;Automatyczna;4x4 (stały);Sedan;Granatowy;Używany;LwBR3n/tgl0Pu7A2ifaDuH4FWjKTo1l/V5F1shIl7pHP.1.uazwQEIrHRQLvrH2C8kb0g==
6145717927;BMW Seria 5 540d xDrive mHEV sport;185000;PLN;Piaseczna Górka;https://www.otomoto.pl/osobowe/oferta/bmw-seria-5-ID6HUNYH.html;BMW;Seria 5;540d xDrive mHEV sport;2022;105 000 km;Hybryda;2 993 cm3;340 KM;Automatyczna;4x4 (stały);Sedan;Granatowy;Używany;4KzDFKnUcj2pdioh3OH50QIzKRU4U303Ca8Al8YzsbAv.1.zxs2AISCEXqpCb0pWPcxJQ==
6144894168;BMW i3 i3S 94 Ah;99000;PLN;Baranowo;https://www.otomoto.pl/osobowe/oferta/bmw-i3-ID6HRlGg.html;BMW;i3;i3S 94 Ah;2019;102 000 km;Elektryczny;;184 KM;Automatyczna;Na tylne koła;Auta małe;Inny kolor;Używany;PnHg7FUcMw8Cyj9r55ULT6YaGl4Vytw1yOsQgy9Q7TVQ.1.VLMWlACMw7al+4FfAigbZg==
6144894168;BMW i3 i3S 94 Ah;99000;PLN;Baranowo;https://www.otomoto.pl/osobowe/oferta/bmw-i3-ID6HRlGg.html;BMW;i3;i3S 94 Ah;2019;102 000 km;Elektryczny;;184 KM;Automatyczna;Na tylne koła;Auta małe;Inny kolor;Używany;C3gDgZPtYER6s9p/FMT4JwPN9i38WmIrX1rvCnBBwfYy.1.R+tEB5nhD+KZUCikCfhEeQ==
6144894168;BMW i3 i3S 94 Ah;99000;PLN;Baranowo;https://www.otomoto.pl/osobowe/oferta/bmw-i3-ID6HRlGg.html;BMW;i3;i3S 94 Ah;2019;102 000 km;Elektryczny;;184 KM;Automatyczna;Na tylne koła;Auta małe;Inny kolor;Używany;ZuFY6/RCAH+gvz4JDat3W9uNonArjj9juEWP6BXqqZXu.1.WLVKuvUtpseMjgiAHOvgcQ==
6145708693;BMW Seria 1 118d;52300;PLN;Wrocław;https://www.otomoto.pl/osobowe/oferta/bmw-seria-1-ID6HULzL.html;BMW;Seria 1;118d;2018;87 350 km;Diesel;1 995 cm3;150 KM;Automatyczna;Na tylne koła;Kompakt;Biały;Używany;JuaUUi0pn2p86I9kXgXxzhrLdthu5pH8ZtsRCvwdCPDG.1.HVAoB1vjyfpJ0polj3o1RA==
6145708693;BMW Seria 1 118d;52300;PLN;Wrocław;https://www.otomoto.pl/osobowe/oferta/bmw-seria-1-ID6HULzL.html;BMW;Seria 1;118d;2018;87 350 km;Diesel;1 995 cm3;150 KM;Automatyczna;Na tylne koła;Kompakt;Biały;Używany;U+gZEameb0UzrIeF831xVxXANrCIoXnCKkhUCth8byeP.1.YrRa4vFKeDxTSJHOG4VeeA==
6145054416;BMW X3 xDrive30i M Sport;171900;PLN;Rzeszów;https://www.otomoto.pl/osobowe/oferta/bmw-x3-ID6HS1mU.html;BMW;X3;xDrive30i M Sport;2021;90 325 km;Benzyna;1 998 cm3;252 KM;Automatyczna;4x4 (stały);SUV;Niebieski;Używany;Puig5ROf71EGY5RNhX+Kpn6ysn9Odq64vVjfaX4QV1zY.1.a6WB1+rl1WOJiHXyHeTI8g==
6145054416;BMW X3 xDrive30i M Sport;171900;PLN;Rzeszów;https://www.otomoto.pl/osobowe/oferta/bmw-x3-ID6HS1mU.html;BMW;X3;xDrive30i M Sport;2021;90 325 km;Benzyna;1 998 cm3;252 KM;Automatyczna;4x4 (stały);SUV;Niebieski;Używany;NGn2QvK9mJrBofi5BKaSzNYE2URsniaA6WtwQnjjqVGT.1.7NZYmEA/bMhQWisgWlIoCg==
6145054416;BMW X3 xDrive30i M Sport;171900;PLN;Rzeszów;https://www.otomoto.pl/osobowe/oferta/bmw-x3-ID6HS1mU.html;BMW;X3;xDrive30i M Sport;2021;90 325 km;Benzyna;1 998 cm3;252 KM;Automatyczna;4x4 (stały);SUV;Niebieski;Używany;hzreVN4rhWGKFvRF92fZtuzFBWD1RdJ7TKU2BCwkgOLc.1.b0JNKqLT9o1yUwlgdiCe7Q==
6145035763;BMW iX1 eDrive20 M Sportpaket;189500;PLN;Bydgoszcz;https://www.otomoto.pl/osobowe/oferta/bmw-ix1-ID6HRVv3.html;BMW;iX1;eDrive20 M Sportpaket;2026;5 km;Elektryczny;;204 KM;Automatyczna;Na przednie koła;SUV;Zielony;Nowy;ply31EmMy46G1/xDpk11S4krjEzP8qUBGXkY6UdHJyO6.1.V7zbHtaxPzDgsrFUKSEQfg==
6145035763;BMW iX1 eDrive20 M Sportpaket;189500;PLN;Bydgoszcz;https://www.otomoto.pl/osobowe/oferta/bmw-ix1-ID6HRVv3.html;BMW;iX1;eDrive20 M Sportpaket;2026;5 km;Elektryczny;;204 KM;Automatyczna;Na przednie koła;SUV;Zielony;Nowy;FJNUzRzPN/qccVECTPLixWrN5Qa8MPElVtdtnYpJ9kj9.1.+qDY9HTENEraAI0sXg7oVg==
6145708572;BMW Seria 3 318i Edition Exclusive;44000;PLN;Sucha Beskidzka;https://www.otomoto.pl/osobowe/oferta/bmw-seria-3-ID6HULxO.html;BMW;Seria 3;318i Edition Exclusive;2011;26 039 km;Benzyna;1 995 cm3;143 KM;Manualna;Na tylne koła;Sedan;Srebrny;Używany;CqgN70eHJpfbxXe7m5dLWEAT4CIEsJWjiFT2bEoKd1vN.1.SWJePtHKItNZMGyuakM/Xg==
6145708572;BMW Seria 3 318i Edition Exclusive;44000;PLN;Sucha Beskidzka;https://www.otomoto.pl/osobowe/oferta/bmw-seria-3-ID6HULxO.html;BMW;Seria 3;318i Edition Exclusive;2011;26 039 km;Benzyna;1 995 cm3;143 KM;Manualna;Na tylne koła;Sedan;Srebrny;Używany;VebPOjk+2h7CqtpTn/7MZiA6XDf4ucDRNBk53xpDjRK/.1.ugsFdla3nM4ibeGToTF7bw==
6144976125;BMW X7;284990;PLN;Szczecin;https://www.otomoto.pl/osobowe/oferta/bmw-x7-ID6HRH09.html;BMW;X7;;2022;74 000 km;Diesel;2 993 cm3;400 KM;Automatyczna;4x4 (dołączany automatycznie);SUV;Czarny;Używany;Xg+4n5O0axwuew1IvqT/PyDCN0pHJEsTkhLsZNMqLEPX.1.j20CWdstd5rqlAA5kTj0jg==
6144976125;BMW X7;284990;PLN;Szczecin;https://www.otomoto.pl/osobowe/oferta/bmw-x7-ID6HRH09.html;BMW;X7;;2022;74 000 km;Diesel;2 993 cm3;400 KM;Automatyczna;4x4 (dołączany automatycznie);SUV;Czarny;Używany;G33TRPRqdPGESicUYlSAOsW1ME6oOYr/pGRm/gLL8izi.1.uFuSkRVlcbLD8SM3gwDT5w==
6143702988;BMW X3;169900;PLN;Sochaczew;https://www.otomoto.pl/osobowe/oferta/bmw-x3-ID6HMlNG.html;BMW;X3;;2023;12 200 km;Benzyna;1 998 cm3;252 KM;Automatyczna;Na tylne koła;SUV;Biały;Używany;bODu/9YuKbXQmrY6cAlPYxy1R7DQzWi7EY9A4Ir4Mr5T.1.zQYPighodUMOBOjWb0cXsQ==
6143702988;BMW X3;169900;PLN;Sochaczew;https://www.otomoto.pl/osobowe/oferta/bmw-x3-ID6HMlNG.html;BMW;X3;;2023;12 200 km;Benzyna;1 998 cm3;252 KM;Automatyczna;Na tylne koła;SUV;Biały;Używany;OjEEsI9ydeVtkAtCj36jgVmHvtOlNiHidEtbIhQnXBbM.1.amJG18EjU0dIwDhWOY2FuA==
6145392793;BMW Seria 3 330i;73900;PLN;Zakrzów;https://www.otomoto.pl/osobowe/oferta/bmw-seria-3-ID6HTroB.html;BMW;Seria 3;330i;2018;134 400 km;Benzyna;1 998 cm3;252 KM;Automatyczna;Na tylne koła;Coupe;Biały;Używany;hOt1EhaOdGYnlFlLC9ptrj89lXZ1slQzNiwHFF5uHfTQ.1.syw5yi5VKq43Q9qSMV8AmA==
6145392793;BMW Seria 3 330i;73900;PLN;Zakrzów;https://www.otomoto.pl/osobowe/oferta/bmw-seria-3-ID6HTroB.html;BMW;Seria 3;330i;2018;134 400 km;Benzyna;1 998 cm3;252 KM;Automatyczna;Na tylne koła;Coupe;Biały;Używany;496CYKVUrv9cVjMyCXX3lBsvZOK5IVo9UqoVL1zKa1P1.1.m57R28fjSsEr4ocQiheJ3w==
6144415804;BMW iX3 80kWh Inspiring;149900;PLN;Rzeszów;https://www.otomoto.pl/osobowe/oferta/bmw-ix3-ID6HPleI.html;BMW;iX3;80kWh Inspiring;2022;45 069 km;Elektryczny;;286 KM;Automatyczna;Na tylne koła;SUV;Biały;Używany;V7+ZdjE4BufpZmS3bQ1MZnHlEOK3ci5tLcyataKJFGX1.1.+AZUAR7hKwhfzKz0wcFihw==
6144415804;BMW iX3 80kWh Inspiring;149900;PLN;Rzeszów;https://www.otomoto.pl/osobowe/oferta/bmw-ix3-ID6HPleI.html;BMW;iX3;80kWh Inspiring;2022;45 069 km;Elektryczny;;286 KM;Automatyczna;Na tylne koła;SUV;Biały;Używany;pqrnetthISXD+hdxMz46ArXaJrbRxxj0VGY/UntpG+Py.1.nDklHcNRMekarpk4J8gCiA==
6144415804;BMW iX3 80kWh Inspiring;149900;PLN;Rzeszów;https://www.otomoto.pl/osobowe/oferta/bmw-ix3-ID6HPleI.html;BMW;iX3;80kWh Inspiring;2022;45 069 km;Elektryczny;;286 KM;Automatyczna;Na tylne koła;SUV;Biały;Używany;EfoemJv8u8059umderQsK0t8W0aqal6peudWm9fKvndG.1.bMRGPinlYOoqMB+0MHp/gw==
6145054114;BMW X3;315900;PLN;Mikołów;https://www.otomoto.pl/osobowe/oferta/bmw-x3-ID6HS1i2.html;BMW;X3;;2025;8 000 km;Diesel;2 993 cm3;303 KM;Automatyczna;4x4 (dołączany automatycznie);SUV;Szary;Używany;1zREZoosl4x+AtzgTHqWDtYl/Iz8kOL1ZxrJYVbS+GIr.1.nf5oWiqwLIfK6WI0aKP9GQ==
6145054114;BMW X3;315900;PLN;Mikołów;https://www.otomoto.pl/osobowe/oferta/bmw-x3-ID6HS1i2.html;BMW;X3;;2025;8 000 km;Diesel;2 993 cm3;303 KM;Automatyczna;4x4 (dołączany automatycznie);SUV;Szary;Używany;16WR0vABk2R11kacQKwpR/Lg9CJCxu+C5D0FKWFr1b9Q.1.dd+QPG/cX8pht6F8kdZopQ==
6145713497;BMW Seria 1 114d Sport Line;27900;PLN;Wrocław;https://www.otomoto.pl/osobowe/oferta/bmw-seria-1-ID6HUMPf.html;BMW;Seria 1;114d Sport Line;2014;137 500 km;Diesel;1 598 cm3;95 KM;Manualna;Na tylne koła;Kompakt;Czerwony;Używany;NPhZX4U0jLQaUTdqaznEnyW7jhzc8+5NgNrbZ5nETih0.1./tDYztxLHjZ1oIM+vE2m6A==
6145713497;BMW Seria 1 114d Sport Line;27900;PLN;Wrocław;https://www.otomoto.pl/osobowe/oferta/bmw-seria-1-ID6HUMPf.html;BMW;Seria 1;114d Sport Line;2014;137 500 km;Diesel;1 598 cm3;95 KM;Manualna;Na tylne koła;Kompakt;Czerwony;Używany;4+bd2Ha7RskQkVXL5rLzcWXr5/n1L0hwpx0mAOQ0K1BO.1.QU9SoDl4jrF8ggkNz2HKKQ==
6145049885;BMW X1 xDrive30e M Sportpaket;281300;PLN;Bydgoszcz;https://www.otomoto.pl/osobowe/oferta/bmw-x1-ID6HS0bP.html;BMW;X1;xDrive30e M Sportpaket;2026;5 km;Hybryda Plug-in;1 499 cm3;326 KM;Automatyczna;4x4 (dołączany automatycznie);SUV;Czarny;Nowy;CBBo2yc2nh8tXBRiOw4t/YuHqz6PpyhP4e4knmuH4qi0.1.3g/aBeqNeZZVgJM9OmMFsQ==
6145049885;BMW X1 xDrive30e M Sportpaket;281300;PLN;Bydgoszcz;https://www.otomoto.pl/osobowe/oferta/bmw-x1-ID6HS0bP.html;BMW;X1;xDrive30e M Sportpaket;2026;5 km;Hybryda Plug-in;1 499 cm3;326 KM;Automatyczna;4x4 (dołączany automatycznie);SUV;Czarny;Nowy;LcdfrmLW9aau3f+ewTxtMpTf9JM4lPTcT7+Xp1JM5Vuc.1.4cI60NHBUjuy7B/7nZVaIQ==
6145710056;BMW X3 xDrive20i;149000;PLN;Warszawa;https://www.otomoto.pl/osobowe/oferta/bmw-x3-ID6HULWK.html;BMW;X3;xDrive20i;2020;103 895 km;Benzyna;1 998 cm3;184 KM;Automatyczna;4x4 (dołączany automatycznie);SUV;Granatowy;Używany;63xM78eBO2+zFYgzPkiVLjYRQhzGF8q+AbrApWdkVElw.1.e4WbGbns4pSvLO03Sm/8uA==
6145710056;BMW X3 xDrive20i;149000;PLN;Warszawa;https://www.otomoto.pl/osobowe/oferta/bmw-x3-ID6HULWK.html;BMW;X3;xDrive20i;2020;103 895 km;Benzyna;1 998 cm3;184 KM;Automatyczna;4x4 (dołączany automatycznie);SUV;Granatowy;Używany;X5k0NguIWX5XMMiE88jA3PiUgLetY8D5alh2thq4gvFT.1.HCWCivgdSfpbhG1oaLorKg==
6144051952;BMW Seria 6 640i M Sport Edition;95000;PLN;Gdynia;https://www.otomoto.pl/osobowe/oferta/bmw-seria-6-ID6HNOA8.html;BMW;Seria 6;640i M Sport Edition;2016;100 000 km;Benzyna;2 979 cm3;320 KM;Automatyczna;Na tylne koła;Coupe;Czarny;Używany;xf/AxPO2YtwKG55M5J/Q2Ktc/CLFy0fpm8UUf18RHANO.1.IOzw6BD3wAPaJ5xYVo0vPg==
6144051952;BMW Seria 6 640i M Sport Edition;95000;PLN;Gdynia;https://www.otomoto.pl/osobowe/oferta/bmw-seria-6-ID6HNOA8.html;BMW;Seria 6;640i M Sport Edition;2016;100 000 km;Benzyna;2 979 cm3;320 KM;Automatyczna;Na tylne koła;Coupe;Czarny;Używany;tA4d1qJa118WCfxRzgaSkSNWOk2PkWMcob2t6PD7Ldkh.1.6QZXTV0Zuua0E40Sny+zAA==
6145713727;BMW X3;45900;PLN;Rzeszów;https://www.otomoto.pl/osobowe/oferta/bmw-x3-ID6HUMSX.html;BMW;X3;;2011;146 500 km;Benzyna;2 996 cm3;258 KM;Automatyczna;4x4 (stały);SUV;Złoty;Używany;/8uh/xWH7erPUqQPlFc5liOwPk+sZZqHIT2Rav6oFVym.1.Ag3wpobx82TQXzmkd36Iag==
6145713727;BMW X3;45900;PLN;Rzeszów;https://www.otomoto.pl/osobowe/oferta/bmw-x3-ID6HUMSX.html;BMW;X3;;2011;146 500 km;Benzyna;2 996 cm3;258 KM;Automatyczna;4x4 (stały);SUV;Złoty;Używany;10mpgA3NlZCNFtGHklJYH8JNbQYWNSKacJgsdCfyWy9Q.1.K2YqMUapFUcHEmoabZ41FA==
6145708839;BMW Seria 1 118d;10500;PLN;Warszawa;https://www.otomoto.pl/osobowe/oferta/bmw-seria-1-ID6HULC7.html;BMW;Seria 1;118d;2006;237 602 km;Diesel;1 995 cm3;122 KM;Manualna;Na tylne koła;Kompakt;Inny kolor;Używany;nf/2/wB1K/h946n+9JXWIBtkgZWsrnWfmPtdXTy3Gus0.1.WL0z6eOnuVzHlKOSAvjAkA==
6145708839;BMW Seria 1 118d;10500;PLN;Warszawa;https://www.otomoto.pl/osobowe/oferta/bmw-seria-1-ID6HULC7.html;BMW;Seria 1;118d;2006;237 602 km;Diesel;1 995 cm3;122 KM;Manualna;Na tylne koła;Kompakt;Inny kolor;Używany;kgwcJNw2rpYwVMg90Fnza9vK+8qLwsopC6xZC90ldZUd.1.g1T3ZAsPh8+btDstcy/tLA==
6140103311;BMW Seria 1 118d;21900;PLN;Kotorydz;https://www.otomoto.pl/osobowe/oferta/bmw-seria-1-ID6Hxfmn.html;BMW;Seria 1;118d;2011;151 467 km;Diesel;1 995 cm3;143 KM;Manualna;Na tylne koła;Auta małe;Szary;Używany;zpEZEn7ksxOt0n6JE1PtItZMJ5hge4I4bhChvBpASfau.1.d8d1IYA4bFA+GGF4qkBn1g==
6145714696;BMW X3 3.0sd;30000;PLN;Trzetrzewina;https://www.otomoto.pl/osobowe/oferta/bmw-x3-ID6HUN8A.html;BMW;X3;3.0sd;2007;220 000 km;Diesel;2 993 cm3;286 KM;Automatyczna;;SUV;Złoty;Używany;u4nmlLeMBISX24rnONNoudPzcxvvy59tAxvRLKzRGnES.1.CYaik85OZ1OyQzLJtc6axw==
6145714696;BMW X3 3.0sd;30000;PLN;Trzetrzewina;https://www.otomoto.pl/osobowe/oferta/bmw-x3-ID6HUN8A.html;BMW;X3;3.0sd;2007;220 000 km;Diesel;2 993 cm3;286 KM;Automatyczna;;SUV;Złoty;Używany;6p3l+88LwGdpB2vgCu40gkFxINJaNz+2JEIv/SI5IPGO.1.VgWEPzq1pVatXCCJ5nJCNg==
6139945437;BMW Seria 5 520d xDrive;219900;PLN;Długołęka;https://www.otomoto.pl/osobowe/oferta/bmw-seria-5-ID6HvAi1.html;BMW;Seria 5;520d xDrive;2024;18 768 km;Diesel;1 995 cm3;197 KM;Automatyczna;4x4 (stały);Sedan;Szary;Używany;hz7+TPSiVikQZOQAnQL7KGT94DAnKODVYnQKMwABhtdQ.1.3KoRhSVjQN3zpgXcfiWiLA==
6139945437;BMW Seria 5 520d xDrive;219900;PLN;Długołęka;https://www.otomoto.pl/osobowe/oferta/bmw-seria-5-ID6HvAi1.html;BMW;Seria 5;520d xDrive;2024;18 768 km;Diesel;1 995 cm3;197 KM;Automatyczna;4x4 (stały);Sedan;Szary;Używany;bocburQ0mP8EqSAcXB2zI71hCLMfF5lDhlH5wU2o/ZeH.1.yWKLDCMOpJgm0uwt8xGk6g==
6139945437;BMW Seria 5 520d xDrive;219900;PLN;Długołęka;https://www.otomoto.pl/osobowe/oferta/bmw-seria-5-ID6HvAi1.html;BMW;Seria 5;520d xDrive;2024;18 768 km;Diesel;1 995 cm3;197 KM;Automatyczna;4x4 (stały);Sedan;Szary;Używany;5P/suj1OsROvGDAJvLr7J5mRz4wYcmYwkeXY8gi4G85B.1.OQ0epggmDn4jYDeehb5log==
6145023510;BMW Seria 4 430i xDrive M Sport;224900;PLN;Długołęka;https://www.otomoto.pl/osobowe/oferta/bmw-seria-4-ID6HRTkq.html;BMW;Seria 4;430i xDrive M Sport;2025;9 420 km;Benzyna;1 998 cm3;258 KM;Automatyczna;4x4 (stały);Sedan;Niebieski;Używany;WRHl6sQcrgJpGLupMesQFDBh0Zz8lj+VNz4fY05JQQNO.1.Y6xdIrgbeNhC6b4x54IP6Q==
6145023510;BMW Seria 4 430i xDrive M Sport;224900;PLN;Długołęka;https://www.otomoto.pl/osobowe/oferta/bmw-seria-4-ID6HRTkq.html;BMW;Seria 4;430i xDrive M Sport;2025;9 420 km;Benzyna;1 998 cm3;258 KM;Automatyczna;4x4 (stały);Sedan;Niebieski;Używany;o3FY0jX0qN90+7FSPXUCsMAANgqstvedDWKMv9lM4aTe.1.uWUmWz0wwYPxx/YJtBRrWQ==
6145023510;BMW Seria 4 430i xDrive M Sport;224900;PLN;Długołęka;https://www.otomoto.pl/osobowe/oferta/bmw-seria-4-ID6HRTkq.html;BMW;Seria 4;430i xDrive M Sport;2025;9 420 km;Benzyna;1 998 cm3;258 KM;Automatyczna;4x4 (stały);Sedan;Niebieski;Używany;oUYk/Z5YFh8rgGq89WOGgIQCxPxTyLhQIActrXNSKcfy.1.0FM1vdT+4PbPBe4/42gcyg==
6145704324;BMW Seria 5 520d xDrive Sport Line;99900;PLN;Bochnia;https://www.otomoto.pl/osobowe/oferta/bmw-seria-5-ID6HUKri.html;BMW;Seria 5;520d xDrive Sport Line;2019;61 689 km;Diesel;1 995 cm3;190 KM;Automatyczna;4x4 (stały);Kombi;Czarny;Używany;QrLxVYhjMiZx+ZsQR5CaQIPvBp/kBBBGM9CqNvCPwez3.1.M3CIZilRrmVgqjrxB5NGng==
6145704324;BMW Seria 5 520d xDrive Sport Line;99900;PLN;Bochnia;https://www.otomoto.pl/osobowe/oferta/bmw-seria-5-ID6HUKri.html;BMW;Seria 5;520d xDrive Sport Line;2019;61 689 km;Diesel;1 995 cm3;190 KM;Automatyczna;4x4 (stały);Kombi;Czarny;Używany;fmVb9RpaMZzMWhDF6Mh8aKg1bxLD7SSAHrKGCrp0o/J9.1.dggNO39PZTuTwXeD2dpzbw==
6141517220;BMW Seria 1;28500;PLN;Łódź;https://www.otomoto.pl/osobowe/oferta/bmw-seria-1-ID6HDbbm.html;BMW;Seria 1;;2012;135 000 km;Benzyna;1 995 cm3;170 KM;Automatyczna;Na tylne koła;Coupe;Beżowy;Używany;4H6BEdXSTwoE7akxkXNRRuyFpRPfg2xJq1RdPWDJ9Gh2.1.P+l/SwhfWSRgSe1qVjMUeA==
6141517220;BMW Seria 1;28500;PLN;Łódź;https://www.otomoto.pl/osobowe/oferta/bmw-seria-1-ID6HDbbm.html;BMW;Seria 1;;2012;135 000 km;Benzyna;1 995 cm3;170 KM;Automatyczna;Na tylne koła;Coupe;Beżowy;Używany;U9TuhnoiBckhhQJj/fo/4TTILOYSIpe5jhw4po0aGl1c.1.GP/F6LYfQ2WqEtukq7kxgQ==
6142903544;BMW Seria 2;147900;PLN;Rzeszów;https://www.otomoto.pl/osobowe/oferta/bmw-seria-2-ID6HIZPq.html;BMW;Seria 2;;2025;4 736 km;Benzyna;1 499 cm3;170 KM;Automatyczna;Na przednie koła;Coupe;Biały;Używany;DalglyoQC1q8Z1XweFqgWSkHkCViP1MfJhiZiRYOcVjE.1.el7Z48IMK7TgGlJzVPgYBA==
6142903544;BMW Seria 2;147900;PLN;Rzeszów;https://www.otomoto.pl/osobowe/oferta/bmw-seria-2-ID6HIZPq.html;BMW;Seria 2;;2025;4 736 km;Benzyna;1 499 cm3;170 KM;Automatyczna;Na przednie koła;Coupe;Biały;Używany;bjbBrc3WLFSpHpKEa8V4PdDoBknVV0AceDz74NyDm2ro.1.DNnSWtNjyPxsI/OlhT+Yng==
6142903544;BMW Seria 2;147900;PLN;Rzeszów;https://www.otomoto.pl/osobowe/oferta/bmw-seria-2-ID6HIZPq.html;BMW;Seria 2;;2025;4 736 km;Benzyna;1 499 cm3;170 KM;Automatyczna;Na przednie koła;Coupe;Biały;Używany;Np/56pfUaXXc3WHumd9dNgSi3MgRfEvA5J0utF8fPXim.1.FFmR6thW2zyVzZ4Rs9c7cg==
6145050638;BMW X5;349900;PLN;Poznań;https://www.otomoto.pl/osobowe/oferta/bmw-x5-ID6HS0nY.html;BMW;X5;;2025;11 930 km;Diesel;2 993 cm3;286 KM;Automatyczna;4x4 (dołączany automatycznie);SUV;Czarny;Używany;FCf3WC/x1+0I7817jYQu8uvw0mS0pZXOYfuPcRKMfipy.1.epaayTPKu8i21IAM/YJEgg==
6145050638;BMW X5;349900;PLN;Poznań;https://www.otomoto.pl/osobowe/oferta/bmw-x5-ID6HS0nY.html;BMW;X5;;2025;11 930 km;Diesel;2 993 cm3;286 KM;Automatyczna;4x4 (dołączany automatycznie);SUV;Czarny;Używany;T1tGk7+T0kopYboYQUlens5EWEIDbo3yCRez+tCXawM6.1.LeZ9/r4R/dNxSayKgObw8Q==
6145050638;BMW X5;349900;PLN;Poznań;https://www.otomoto.pl/osobowe/oferta/bmw-x5-ID6HS0nY.html;BMW;X5;;2025;11 930 km;Diesel;2 993 cm3;286 KM;Automatyczna;4x4 (dołączany automatycznie);SUV;Czarny;Używany;QADnHDUKNSBJ7ZZPB+ZkG66yQ7dkyICSTHdfZ1tuc0X0.1.GXAHOUyWFdEpf7BJ+5YI9g==
6142917526;BMW Seria 5;401200;PLN;Bydgoszcz;https://www.otomoto.pl/osobowe/oferta/bmw-seria-5-ID6HJ3sV.html;BMW;Seria 5;;2025;5 km;Diesel;2 993 cm3;303 KM;Automatyczna;4x4 (stały);Sedan;Szary;Nowy;JdQW2kNOl11P9PC+I3DXHdWZb1BrNalKNtIB703f++Bn.1.mDr2mG79UdixHvFB7I5Csg==
6142917526;BMW Seria 5;401200;PLN;Bydgoszcz;https://www.otomoto.pl/osobowe/oferta/bmw-seria-5-ID6HJ3sV.html;BMW;Seria 5;;2025;5 km;Diesel;2 993 cm3;303 KM;Automatyczna;4x4 (stały);Sedan;Szary;Nowy;4edh7z7Mtlnji4jAN0Q2Sj1Y5pFWZ1Oz/ObBA4OoN6Zn.1.85YXSNcTr6W2HL9iX1jiuA==
6145708988;BMW X3 20d xDrive;217700;PLN;Opoczno;https://www.otomoto.pl/osobowe/oferta/bmw-x3-ID6HULEv.html;BMW;X3;20d xDrive;2025;12 000 km;Diesel;1 995 cm3;197 KM;Automatyczna;4x4 (stały);SUV;Szary;Używany;EmUJgarMc1q/Mx9jTGZl+LICtZqRzJFaBobFyEk0MEcp.1.WH6LXZuGSmjA6Jnt1UsiAQ==
6145708988;BMW X3 20d xDrive;217700;PLN;Opoczno;https://www.otomoto.pl/osobowe/oferta/bmw-x3-ID6HULEv.html;BMW;X3;20d xDrive;2025;12 000 km;Diesel;1 995 cm3;197 KM;Automatyczna;4x4 (stały);SUV;Szary;Używany;FFcVtuesYhPrdjcd7kv9Tpc2120TJK0uvHZtkjDiSvWn.1.hWFqM0j+a98mNvxjEkbCLw==
6138316401;BMW X6 xDrive40d M Sport;127000;PLN;Wrocław;https://www.otomoto.pl/osobowe/oferta/bmw-x6-ID6HpKwf.html;BMW;X6;xDrive40d M Sport;2017;135 700 km;Diesel;2 993 cm3;313 KM;Automatyczna;4x4 (dołączany automatycznie);SUV;Biały;Używany;p/WELK8fJw8ZlHVbUYb3ay8qyw7Cm9Q6jHFCoOydz9PT.1.9EA3fh/vgTqs2jTlrx6ojA==
6138316401;BMW X6 xDrive40d M Sport;127000;PLN;Wrocław;https://www.otomoto.pl/osobowe/oferta/bmw-x6-ID6HpKwf.html;BMW;X6;xDrive40d M Sport;2017;135 700 km;Diesel;2 993 cm3;313 KM;Automatyczna;4x4 (dołączany automatycznie);SUV;Biały;Używany;Js0jCFwUpr8EDoUerpPiP1fMzkX5fea4LOlOueDh4FIS.1.2k90OlwleARhAaRsp/EzMg==
6145039139;BMW Seria 3 320d xDrive;122900;PLN;Rzeszów;https://www.otomoto.pl/osobowe/oferta/bmw-seria-3-ID6HRXow.html;BMW;Seria 3;320d xDrive;2022;109 776 km;Diesel;1 995 cm3;190 KM;Automatyczna;4x4 (stały);Sedan;Czarny;Używany;ksV6pfgiEpI2fDJRfvAPsAE7BXfKVMln6XM1yUH2d5RX.1.w3/hu0He+FFj69aioBv58g==
6145039139;BMW Seria 3 320d xDrive;122900;PLN;Rzeszów;https://www.otomoto.pl/osobowe/oferta/bmw-seria-3-ID6HRXow.html;BMW;Seria 3;320d xDrive;2022;109 776 km;Diesel;1 995 cm3;190 KM;Automatyczna;4x4 (stały);Sedan;Czarny;Używany;8Ny1PD63Uh9rRoyqYqu80ylVdbyHdBfq3EWahsKFAQIx.1.bsSxnrUtw2sgSRu8jJNO0Q==
6145039139;BMW Seria 3 320d xDrive;122900;PLN;Rzeszów;https://www.otomoto.pl/osobowe/oferta/bmw-seria-3-ID6HRXow.html;BMW;Seria 3;320d xDrive;2022;109 776 km;Diesel;1 995 cm3;190 KM;Automatyczna;4x4 (stały);Sedan;Czarny;Używany;njXQaIOW9bcMbDex7ZloeKG0+ZuhfQ8fs2Bv5Mp4WZZy.1.gd5FzOLVS6jbwFQBtkeU8Q==
6145707410;BMW X1;22999;PLN;Wągrowiec;https://www.otomoto.pl/osobowe/oferta/bmw-x1-ID6HULf4.html;BMW;X1;;2012;222 000 km;Diesel;1 995 cm3;143 KM;Manualna;4x4 (stały);SUV;Czarny;Używany;51BkphihKC0GbtZ31Kb/Xf9vPbK3/HQnnUV8wTdpMWEZ.1.HEaG3cCIldi685jXkYZrlw==
6145707410;BMW X1;22999;PLN;Wągrowiec;https://www.otomoto.pl/osobowe/oferta/bmw-x1-ID6HULf4.html;BMW;X1;;2012;222 000 km;Diesel;1 995 cm3;143 KM;Manualna;4x4 (stały);SUV;Czarny;Używany;XQLvZK2LK0QrlPaK86aI8RMMMohVj7crAVbmvb5+MsjM.1.VQGuWHyLV9JCee3LdFfjtA==
6142923345;BMW M8;339900;PLN;Rzeszów;https://www.otomoto.pl/osobowe/oferta/bmw-m8-ID6HJ4YN.html;BMW;M8;;2020;113 274 km;Benzyna;4 395 cm3;625 KM;Automatyczna;4x4 (stały);Coupe;Granatowy;Używany;c7dREYKuMFqfGREpORgmf01xxoG77FzY88U6hthzawPk.1.wnPt3NMeWQFrJJ+uGzq4+g==
6142923345;BMW M8;339900;PLN;Rzeszów;https://www.otomoto.pl/osobowe/oferta/bmw-m8-ID6HJ4YN.html;BMW;M8;;2020;113 274 km;Benzyna;4 395 cm3;625 KM;Automatyczna;4x4 (stały);Coupe;Granatowy;Używany;/FkDm0VMX/bYY2AdknE9FiX53w23zi0yfHjq1HAE1Lt5.1.kY+Mlptd09sPKVLN73I/gw==
6142923345;BMW M8;339900;PLN;Rzeszów;https://www.otomoto.pl/osobowe/oferta/bmw-m8-ID6HJ4YN.html;BMW;M8;;2020;113 274 km;Benzyna;4 395 cm3;625 KM;Automatyczna;4x4 (stały);Coupe;Granatowy;Używany;2eYzS9vTWsNHNXrbkQzRUsMH1xy/k1cH4cZWbiGrMiYH.1.8StEv1p5jGLwFUiM9e6c4A==
6145711724;BMW X4 M;38500;PLN;Jarocin;https://www.otomoto.pl/osobowe/oferta/bmw-x4-m-ID6HUMmE.html;BMW;X4 M;;2018;236 467 km;Diesel;2 993 cm3;326 KM;Automatyczna;4x4 (stały);SUV;Biały;Używany;npsUD9v7LXMCate4M37PDPAOuoMn2nc59m8sfYNIKaRO.1.fUSoZDqHxjbXg3O4H0SOVQ==
6145711724;BMW X4 M;38500;PLN;Jarocin;https://www.otomoto.pl/osobowe/oferta/bmw-x4-m-ID6HUMmE.html;BMW;X4 M;;2018;236 467 km;Diesel;2 993 cm3;326 KM;Automatyczna;4x4 (stały);SUV;Biały;Używany;+JVw5Vg8N/MCtuc4mVK8keACc1ntbZCvozv0eYlz9ZGj.1.wdmSyBPWae8lHPV6v6X2pA==
6139543525;BMW Seria 4 430i M Sport sport;174900;PLN;Koszalin;https://www.otomoto.pl/osobowe/oferta/bmw-seria-4-ID6HuTJz.html;BMW;Seria 4;430i M Sport sport;2021;44 000 km;Benzyna;1 998 cm3;258 KM;Automatyczna;Na tylne koła;Kabriolet;Czarny;Używany;GwpYfVL4kMUmtWjSfhV+FQNDm1UHtnWnzG8Vz2Cx+3F7.1.bv+vm69fdGUcoQhSlEO/BQ==
6139543525;BMW Seria 4 430i M Sport sport;174900;PLN;Koszalin;https://www.otomoto.pl/osobowe/oferta/bmw-seria-4-ID6HuTJz.html;BMW;Seria 4;430i M Sport sport;2021;44 000 km;Benzyna;1 998 cm3;258 KM;Automatyczna;Na tylne koła;Kabriolet;Czarny;Używany;wsteZS4Ll6ycWXYXV5RKrfMe4YUtTUxyfATafiu6l5+z.1.ufNkPkHyj/Z6rXBX8dVaOg==
6129054906;BMW X3;259900;PLN;Borówiec;https://www.otomoto.pl/osobowe/oferta/bmw-x3-ID6GMTai.html;BMW;X3;;2023;4 300 km;Diesel;2 993 cm3;286 KM;Automatyczna;4x4 (dołączany automatycznie);SUV;Biały;Używany;qIWOcmGpZ30E+hqvNni2ofH4677fpiSiRNrTdt6K/MRg.1.ftH+vESziO+cFe0HnkFcBA==
6129054906;BMW X3;259900;PLN;Borówiec;https://www.otomoto.pl/osobowe/oferta/bmw-x3-ID6GMTai.html;BMW;X3;;2023;4 300 km;Diesel;2 993 cm3;286 KM;Automatyczna;4x4 (dołączany automatycznie);SUV;Biały;Używany;G3oa+9PhDCnyd8KMdIGaViomphbaM+fOW9i0rx1Bh5kA.1.jFcsWYO2ZmLHxRhmRYMlxw==
6129054906;BMW X3;259900;PLN;Borówiec;https://www.otomoto.pl/osobowe/oferta/bmw-x3-ID6GMTai.html;BMW;X3;;2023;4 300 km;Diesel;2 993 cm3;286 KM;Automatyczna;4x4 (dołączany automatycznie);SUV;Biały;Używany;KHyHI2GD1DYXyMNyslExNlJXbeVoNRRGb5ACoxZGCFJm.1.dfWsqVrf2wlcpQ1IlhRSdA==
6144215036;BMW X3 xDrive30i M Sport;44500;PLN;Warszawa;https://www.otomoto.pl/osobowe/oferta/bmw-x3-ID6HOw0v.html;BMW;X3;xDrive30i M Sport;2020;53 874 km;Benzyna;1 998 cm3;252 KM;Automatyczna;4x4 (stały);SUV;Granatowy;Używany;BfrCDZTG717zxZ5KAgTpFFC6o3F9+BFpY4JXKWUZNnuI.1.tbAZWJV+7+ruPFUn9CWXeA==
6144215036;BMW X3 xDrive30i M Sport;44500;PLN;Warszawa;https://www.otomoto.pl/osobowe/oferta/bmw-x3-ID6HOw0v.html;BMW;X3;xDrive30i M Sport;2020;53 874 km;Benzyna;1 998 cm3;252 KM;Automatyczna;4x4 (stały);SUV;Granatowy;Używany;cFDqs1rlRr8CAO3xvb3OI+N52FomFxjMIu5LdcxC4HrI.1.JRKlPLv3zP7ESV9UQnC3bg==
6145282440;BMW X3;147999;PLN;Przemyśl;https://www.otomoto.pl/osobowe/oferta/bmw-x3-ID6HSYGI.html;BMW;X3;;2022;11 753 km;Benzyna;1 998 cm3;252 KM;Automatyczna;4x4 (stały);SUV;Biały;Używany;AM9lQnYRYZ7FWsBmSCZL3qapyGOAWV9/G8V2Yr53CIL4.1.UmMsYQvqxKd+TQiObfvP+g==
6145282440;BMW X3;147999;PLN;Przemyśl;https://www.otomoto.pl/osobowe/oferta/bmw-x3-ID6HSYGI.html;BMW;X3;;2022;11 753 km;Benzyna;1 998 cm3;252 KM;Automatyczna;4x4 (stały);SUV;Biały;Używany;CDcg3nGkMtw3aclCF9GT250FqW1ImtMOyCOomrsLDqEy.1.6A96vSwGvUMXva7ZXc5FZw==
6145632887;BMW X3;59999;PLN;Warszawa;https://www.otomoto.pl/osobowe/oferta/bmw-x3-ID6HUrR5.html;BMW;X3;;2019;124 304 km;Benzyna;1 997 cm3;245 KM;Automatyczna;4x4 (stały);SUV;Czarny;Używany;VLEJJiLbTx/wlyhWtq5e9fpBJwq2jFfecrB79v/B3uFt.1.+kSqYLLzVVwuUPeZiK570w==
6145632887;BMW X3;59999;PLN;Warszawa;https://www.otomoto.pl/osobowe/oferta/bmw-x3-ID6HUrR5.html;BMW;X3;;2019;124 304 km;Benzyna;1 997 cm3;245 KM;Automatyczna;4x4 (stały);SUV;Czarny;Używany;CJUF3aHIPITdsQwExg6aiRewN14tYx7LsSoIokbNqTkI.1.3qKGHQGCaB7k3/tEMctlvA==
6145632887;BMW X3;59999;PLN;Warszawa;https://www.otomoto.pl/osobowe/oferta/bmw-x3-ID6HUrR5.html;BMW;X3;;2019;124 304 km;Benzyna;1 997 cm3;245 KM;Automatyczna;4x4 (stały);SUV;Czarny;Używany;LILtEndbvaLs2O9o8/3KvWD60/6UJXgKVPn3joaxYSjE.1.IA61gHbtggHGCSQKkahX7w==
6143702988;BMW X3;169900;PLN;Sochaczew;https://www.otomoto.pl/osobowe/oferta/bmw-x3-ID6HMlNG.html;BMW;X3;;2023;12 200 km;Benzyna;1 998 cm3;252 KM;Automatyczna;Na tylne koła;SUV;Biały;Używany;g2k45TLJKM9+rVb3nFavsT/yElqxWm9ViP9/maytrhB8.1.8aXH5cfYOqscLFhWksdZ5Q==
6143702988;BMW X3;169900;PLN;Sochaczew;https://www.otomoto.pl/osobowe/oferta/bmw-x3-ID6HMlNG.html;BMW;X3;;2023;12 200 km;Benzyna;1 998 cm3;252 KM;Automatyczna;Na tylne koła;SUV;Biały;Używany;jifEX+125Ms9QpMY6opLr6/a+e7fmdrF6ns4VuwN8BZJ.1.naQcr+/dG37189XBv5qUFQ==
6145054416;BMW X3 xDrive30i M Sport;171900;PLN;Rzeszów;https://www.otomoto.pl/osobowe/oferta/bmw-x3-ID6HS1mU.html;BMW;X3;xDrive30i M Sport;2021;90 325 km;Benzyna;1 998 cm3;252 KM;Automatyczna;4x4 (stały);SUV;Niebieski;Używany;pwmBBQJNVZF3q0jaZNRNQcOdeuWUSSiTVEhgnT5h0RW4.1.oWq22fW9SXPFaHuyW7Atvw==
6145054416;BMW X3 xDrive30i M Sport;171900;PLN;Rzeszów;https://www.otomoto.pl/osobowe/oferta/bmw-x3-ID6HS1mU.html;BMW;X3;xDrive30i M Sport;2021;90 325 km;Benzyna;1 998 cm3;252 KM;Automatyczna;4x4 (stały);SUV;Niebieski;Używany;fmQ28X7RsFE5TraMWnUrGvcOc3Ff3FKAprz9eQ9rNN3C.1.D0U45FDF8wDU7KUw5tmrdQ==
6145054416;BMW X3 xDrive30i M Sport;171900;PLN;Rzeszów;https://www.otomoto.pl/osobowe/oferta/bmw-x3-ID6HS1mU.html;BMW;X3;xDrive30i M Sport;2021;90 325 km;Benzyna;1 998 cm3;252 KM;Automatyczna;4x4 (stały);SUV;Niebieski;Używany;aYrHQo7u3vTTR97HJ3qvfe2qHRwDAIyra4U5+hqcpEvd.1.bZQx1gturAOyoUCKbexOig==
6145675293;BMW X3 xDrive30i M Sport;78000;PLN;Warszawa;https://www.otomoto.pl/osobowe/oferta/bmw-x3-ID6HUCT3.html;BMW;X3;xDrive30i M Sport;2021;120 000 km;Benzyna;1 998 cm3;252 KM;Automatyczna;4x4 (stały);SUV;Czarny;Używany;Rr8DiMYw3ZftzoLI1XKb+iXp/c/ZUJmmThz39PeeaDr7.1.WZumaM2ZfNVx+oq5KRIR1g==
6145675293;BMW X3 xDrive30i M Sport;78000;PLN;Warszawa;https://www.otomoto.pl/osobowe/oferta/bmw-x3-ID6HUCT3.html;BMW;X3;xDrive30i M Sport;2021;120 000 km;Benzyna;1 998 cm3;252 KM;Automatyczna;4x4 (stały);SUV;Czarny;Używany;/oJv5JVsxbbdxQ4WS7tYTqw/VH8/bEeDLL+B8Ag7RYqj.1.NKfJo+QTKr/ANNja9cn79Q==
6145675293;BMW X3 xDrive30i M Sport;78000;PLN;Warszawa;https://www.otomoto.pl/osobowe/oferta/bmw-x3-ID6HUCT3.html;BMW;X3;xDrive30i M Sport;2021;120 000 km;Benzyna;1 998 cm3;252 KM;Automatyczna;4x4 (stały);SUV;Czarny;Używany;Y5sWZ4L2wQL/WNRbt3kDdlAFJp03KSaP2fbyHa7YFw7g.1.Pk1vvoSGLjdLM0gOsyAJTw==
6145714696;BMW X3 3.0sd;30000;PLN;Trzetrzewina;https://www.otomoto.pl/osobowe/oferta/bmw-x3-ID6HUN8A.html;BMW;X3;3.0sd;2007;220 000 km;Diesel;2 993 cm3;286 KM;Automatyczna;;SUV;Złoty;Używany;1FOImYoDFoF+X5A3fHnWJGwEBOPZjsFrCCmM5Ho05LHo.1.FCFhjHtYtqnGAoqIiO9B0A==
6145714696;BMW X3 3.0sd;30000;PLN;Trzetrzewina;https://www.otomoto.pl/osobowe/oferta/bmw-x3-ID6HUN8A.html;BMW;X3;3.0sd;2007;220 000 km;Diesel;2 993 cm3;286 KM;Automatyczna;;SUV;Złoty;Używany;oKWK8QWW+K3MB47k/Zj8JtgSoJQ57wnj1oMb1I78cHgA.1.T2Jn++6aZ1UFfL2pR0S1mQ==
6145638072;BMW X3 xDrive30d xLine;109500;PLN;Ostrów Wielkopolski;https://www.otomoto.pl/osobowe/oferta/bmw-x3-ID6HUtcI.html;BMW;X3;xDrive30d xLine;2018;94 000 km;Diesel;2 993 cm3;258 KM;Automatyczna;4x4 (stały);SUV;Inny kolor;Używany;pr19Ok04/U36di8RnynBbDGLBopLUNJK+mNRLFJR3ul5.1.2rdEzvv+jLbawS+H39wEyg==
6145638072;BMW X3 xDrive30d xLine;109500;PLN;Ostrów Wielkopolski;https://www.otomoto.pl/osobowe/oferta/bmw-x3-ID6HUtcI.html;BMW;X3;xDrive30d xLine;2018;94 000 km;Diesel;2 993 cm3;258 KM;Automatyczna;4x4 (stały);SUV;Inny kolor;Używany;feoB4HrLMRfvIT88IgWw9OcxEFC7gpUQZ8leJzflwyVE.1.8ZjPvgXTRamrf6/OogeB0w==
6145713727;BMW X3;45900;PLN;Rzeszów;https://www.otomoto.pl/osobowe/oferta/bmw-x3-ID6HUMSX.html;BMW;X3;;2011;146 500 km;Benzyna;2 996 cm3;258 KM;Automatyczna;4x4 (stały);SUV;Złoty;Używany;eazwi0LgCXfsUALJGcb9NMlC7hQjRAqxzmAGN2NuOfxc.1.3QUGiIfZEq2DiJetP8/jSA==
6145713727;BMW X3;45900;PLN;Rzeszów;https://www.otomoto.pl/osobowe/oferta/bmw-x3-ID6HUMSX.html;BMW;X3;;2011;146 500 km;Benzyna;2 996 cm3;258 KM;Automatyczna;4x4 (stały);SUV;Złoty;Używany;L/VeEfgS2pZSZTCw+h/soWQu0sl6SrZ1zz9UGcqDm+Ny.1.ut5dDLtiWPzd2Z8G7CEPwg==
6141679298;BMW X3 xDrive20i;145900;PLN;Kraków;https://www.otomoto.pl/osobowe/oferta/bmw-x3-ID6HDRlv.html;BMW;X3;xDrive20i;2021;62 500 km;Benzyna;1 998 cm3;184 KM;Automatyczna;4x4 (dołączany automatycznie);SUV;Niebieski;Używany;46oE7hH11XW3UUZDkhjE5YQ6iqDT5V94ivpcctzOQFgy.1.JJmcxAqNoo2itsUm3jGo8Q==
6141679298;BMW X3 xDrive20i;145900;PLN;Kraków;https://www.otomoto.pl/osobowe/oferta/bmw-x3-ID6HDRlv.html;BMW;X3;xDrive20i;2021;62 500 km;Benzyna;1 998 cm3;184 KM;Automatyczna;4x4 (dołączany automatycznie);SUV;Niebieski;Używany;0HjVyFdF2tJCCUJyJD2aKHy9UqSHmYo48FoaFJzHEFDo.1.eGv4BtWhM7Wejfil9iJZhg==
6145054114;BMW X3;315900;PLN;Mikołów;https://www.otomoto.pl/osobowe/oferta/bmw-x3-ID6HS1i2.html;BMW;X3;;2025;8 000 km;Diesel;2 993 cm3;303 KM;Automatyczna;4x4 (dołączany automatycznie);SUV;Szary;Używany;4Ky3Dw1+ORdFJ33d4iXjyX+8K1mPCkMg15RMZmAZDKF+.1.ByBDadzSIduLg7rdbfmMFg==
6145054114;BMW X3;315900;PLN;Mikołów;https://www.otomoto.pl/osobowe/oferta/bmw-x3-ID6HS1i2.html;BMW;X3;;2025;8 000 km;Diesel;2 993 cm3;303 KM;Automatyczna;4x4 (dołączany automatycznie);SUV;Szary;Używany;jv0JZ4CEQZqDG86R87b6dJuu8XF2D/nz4d3wRkBl98Le.1.PXTjPqEbdCSa0YviXwdT2g==
6143155465;BMW X3;135900;PLN;Nowy Targ;https://www.otomoto.pl/osobowe/oferta/bmw-x3-ID6HK3mF.html;BMW;X3;;2018;128 000 km;Benzyna;2 993 cm3;480 KM;Automatyczna;4x4 (stały);SUV;Granatowy;Używany;zpGqsFqNby8PBd3RtxfwryW1eGWH8NHhwBLe0l8NaXbs.1.RbKBUZNJU08fz9EzEC1XHg==
6143155465;BMW X3;135900;PLN;Nowy Targ;https://www.otomoto.pl/osobowe/oferta/bmw-x3-ID6HK3mF.html;BMW;X3;;2018;128 000 km;Benzyna;2 993 cm3;480 KM;Automatyczna;4x4 (stały);SUV;Granatowy;Używany;9Z/38XwUshRy15qMryDra10/UgRZhuxEEanXodJyXVR6.1.WAaK95IINaCbt6R4cJBb0A==
6145506278;BMW X3 xDrive30i xLine;87000;PLN;Wrocław;https://www.otomoto.pl/osobowe/oferta/bmw-x3-ID6HTUW0.html;BMW;X3;xDrive30i xLine;2020;112 934 km;Benzyna;1 998 cm3;252 KM;Automatyczna;4x4 (stały);SUV;Biały;Używany;BZ9dd7A+jirb1ezW13xBv6LyDtXj1T2fgD3/7aOa3Nhm.1.ypkdrMQf3SBOQymduvQ6ag==
6145506278;BMW X3 xDrive30i xLine;87000;PLN;Wrocław;https://www.otomoto.pl/osobowe/oferta/bmw-x3-ID6HTUW0.html;BMW;X3;xDrive30i xLine;2020;112 934 km;Benzyna;1 998 cm3;252 KM;Automatyczna;4x4 (stały);SUV;Biały;Używany;imadx2i728jmhc9+jgTBaLCltR/p7+sHdC59XAX6tOYj.1.UciYzGooM27EgwVzJigqZg==
6144792977;BMW X3 xDrive30i GPF M Sport sport;139900.2;PLN;Łukanowice;https://www.otomoto.pl/osobowe/oferta/bmw-x3-ID6HQWm9.html;BMW;X3;xDrive30i GPF M Sport sport;2019;94 600 km;Benzyna;1 998 cm3;252 KM;Automatyczna;4x4 (dołączany automatycznie);SUV;Szary;Używany;ipiepv6wsbYod3F20hmobMLKhbrPfMSIePLbPAtnsAnd.1.1p71IuKqB62bJKrtyQgutw==
6144792977;BMW X3 xDrive30i GPF M Sport sport;139900.2;PLN;Łukanowice;https://www.otomoto.pl/osobowe/oferta/bmw-x3-ID6HQWm9.html;BMW;X3;xDrive30i GPF M Sport sport;2019;94 600 km;Benzyna;1 998 cm3;252 KM;Automatyczna;4x4 (dołączany automatycznie);SUV;Szary;Używany;DTBwszRbaflmjRHAMkCa9tDNPkuA3hE5bU9CW4cEbqbp.1.K3hMhle8DtACZGPyoDoRjw==
6144792977;BMW X3 xDrive30i GPF M Sport sport;139900.2;PLN;Łukanowice;https://www.otomoto.pl/osobowe/oferta/bmw-x3-ID6HQWm9.html;BMW;X3;xDrive30i GPF M Sport sport;2019;94 600 km;Benzyna;1 998 cm3;252 KM;Automatyczna;4x4 (dołączany automatycznie);SUV;Szary;Używany;uNFsfmHCdozWPbpshmaPkmFjhIUiOn6G4WHxdu5rSz4r.1.YnJPmyIIUhiJTDSdpqeiXg==
6145704341;BMW X3 xDrive30d Edition Exclusive;29999;PLN;Ostrów Mazowiecka;https://www.otomoto.pl/osobowe/oferta/bmw-x3-ID6HUKrz.html;BMW;X3;xDrive30d Edition Exclusive;2008;208 000 km;Diesel;2 993 cm3;218 KM;Automatyczna;4x4 (stały);SUV;Szary;Używany;l217aKe/fHisW9/9QzUNWa/KEnpfJLSVtMs+EKDLyENU.1.i5BK0v5O1uX3G+0Zw/DHgQ==
6145704341;BMW X3 xDrive30d Edition Exclusive;29999;PLN;Ostrów Mazowiecka;https://www.otomoto.pl/osobowe/oferta/bmw-x3-ID6HUKrz.html;BMW;X3;xDrive30d Edition Exclusive;2008;208 000 km;Diesel;2 993 cm3;218 KM;Automatyczna;4x4 (stały);SUV;Szary;Używany;XAtA8q9hN4PCKoRR1f/4BtcN0gLdpFXIoNu+5Q/uHqV4.1.9+QwNLO+ygSpF9eRIFMWHA==
6145572138;BMW X3;23000;PLN;Miechów;https://www.otomoto.pl/osobowe/oferta/bmw-x3-ID6HUc3g.html;BMW;X3;;2005;228 000 km;Diesel;2 993 cm3;204 KM;Automatyczna;;SUV;Czarny;Używany;cL8FD8u7yfVTBWHXBfkZSJEgQE5cyee1iLvitJklhoNj.1.bwmkvNstvvnb34DU3I7djw==
6145572138;BMW X3;23000;PLN;Miechów;https://www.otomoto.pl/osobowe/oferta/bmw-x3-ID6HUc3g.html;BMW;X3;;2005;228 000 km;Diesel;2 993 cm3;204 KM;Automatyczna;;SUV;Czarny;Używany;1J8KYa2rtzh2lU6LWreoeyVF07X7zGHPAEYoDtlMuAj1.1.wXxtQPUQcQMj9UqR0H5VAw==
6140103311;BMW Seria 1 118d;21900;PLN;Kotorydz;https://www.otomoto.pl/osobowe/oferta/bmw-seria-1-ID6Hxfmn.html;BMW;Seria 1;118d;2011;151 467 km;Diesel;1 995 cm3;143 KM;Manualna;Na tylne koła;Auta małe;Szary;Używany;JIzBq4CsBoabSDI8/aG9n7q1mUG+meBPZgQVniMirCJn.1.XyUvMasPf0uMgMQHzefjTw==
6145710056;BMW X3 xDrive20i;149000;PLN;Warszawa;https://www.otomoto.pl/osobowe/oferta/bmw-x3-ID6HULWK.html;BMW;X3;xDrive20i;2020;103 895 km;Benzyna;1 998 cm3;184 KM;Automatyczna;4x4 (dołączany automatycznie);SUV;Granatowy;Używany;nfrjQzrj2oqPYCdQWGBnCIA7SNYd1/uNXjrKoLYrM0QC.1.mG7VwgIAcz06lNjMEo25TQ==
6145710056;BMW X3 xDrive20i;149000;PLN;Warszawa;https://www.otomoto.pl/osobowe/oferta/bmw-x3-ID6HULWK.html;BMW;X3;xDrive20i;2020;103 895 km;Benzyna;1 998 cm3;184 KM;Automatyczna;4x4 (dołączany automatycznie);SUV;Granatowy;Używany;knOEq6OSjGJee3S2AhUOCQok8wxkNDJlt+j1wXxnOW/2.1.rdHXqIdwr8EMTWGNVte9dQ==
6145626865;BMW X3 xDrive28i Sport-Aut M Sport;23500;PLN;Warszawa;https://www.otomoto.pl/osobowe/oferta/bmw-x3-ID6HUqhX.html;BMW;X3;xDrive28i Sport-Aut M Sport;2017;122 976 km;Benzyna;1 997 cm3;245 KM;Automatyczna;4x4 (stały);SUV;Biały;Używany;KIRMFE5Jbp6ZEFWSNiYzFmmFcPXTUo91L/KM8m6guwp0.1.CwIama420/Ib+tgTCPH1Hg==
6145626865;BMW X3 xDrive28i Sport-Aut M Sport;23500;PLN;Warszawa;https://www.otomoto.pl/osobowe/oferta/bmw-x3-ID6HUqhX.html;BMW;X3;xDrive28i Sport-Aut M Sport;2017;122 976 km;Benzyna;1 997 cm3;245 KM;Automatyczna;4x4 (stały);SUV;Biały;Używany;FnfAUKW1JXQcMXS2Jq7EPSHCiECWfZWjfntp9/wz/ujW.1.tuL4Rr8LoD2Un9yC/JwrZQ==
6144851203;BMW X3;89999.1;PLN;Warszawa;https://www.otomoto.pl/osobowe/oferta/bmw-x3-ID6HRawh.html;BMW;X3;;2019;119 750 km;Benzyna;1 998 cm3;252 KM;Automatyczna;Na tylne koła;SUV;Czarny;Używany;zQfmctVwN+UtPVxmiw/wAovHsJQI7T9GFxwLkv7BL4dF.1.xzRTq/BOoLncqH24DT/IXQ==
6144851203;BMW X3;89999.1;PLN;Warszawa;https://www.otomoto.pl/osobowe/oferta/bmw-x3-ID6HRawh.html;BMW;X3;;2019;119 750 km;Benzyna;1 998 cm3;252 KM;Automatyczna;Na tylne koła;SUV;Czarny;Używany;qaaGFqBthU4kHkfpluv8952j7Cotk7NXRnOgRLatV+gM.1.xEC6XmvRLRwuniiMeDvX1w==
6142770414;BMW X3;299900;PLN;Mikołów;https://www.otomoto.pl/osobowe/oferta/bmw-x3-ID6HIrca.html;BMW;X3;;2025;8 000 km;Diesel;2 993 cm3;303 KM;Automatyczna;4x4 (dołączany automatycznie);SUV;Biały;Używany;usko/ico65+/YVl6RxxTd4pwqftOm+HJKvwTNOjZBBi/.1.DLHLY7Wynvlxfw8XM39XWw==
6142770414;BMW X3;299900;PLN;Mikołów;https://www.otomoto.pl/osobowe/oferta/bmw-x3-ID6HIrca.html;BMW;X3;;2025;8 000 km;Diesel;2 993 cm3;303 KM;Automatyczna;4x4 (dołączany automatycznie);SUV;Biały;Używany;IfFm6SQjEhpR/n2pgQCvraBID/oVSO3zBXXRyb/XrHpn.1.PJt2MiBhwSbPs/C75cN9dg==
6142646996;BMW X3;239900;PLN;Wrocław;https://www.otomoto.pl/osobowe/oferta/bmw-x3-ID6HHW5y.html;BMW;X3;;2025;10 631 km;Hybryda Plug-in;1 998 cm3;299 KM;Automatyczna;4x4 (dołączany automatycznie);SUV;Szary;Używany;IMe0mcHuYmdmW+nk9pKkyHhItEcwzaTxLafUO6Kf7JNv.1.tlSQLvPNuouulbCMrd0oNQ==
6142646996;BMW X3;239900;PLN;Wrocław;https://www.otomoto.pl/osobowe/oferta/bmw-x3-ID6HHW5y.html;BMW;X3;;2025;10 631 km;Hybryda Plug-in;1 998 cm3;299 KM;Automatyczna;4x4 (dołączany automatycznie);SUV;Szary;Używany;UJ4Vhn+3vwwxAKQ4Bh7uq04VZF3KY2v1ZJMIeDn/WxM7.1.7tjqpu8ad2TOFLEliu/XPQ==
6142646996;BMW X3;239900;PLN;Wrocław;https://www.otomoto.pl/osobowe/oferta/bmw-x3-ID6HHW5y.html;BMW;X3;;2025;10 631 km;Hybryda Plug-in;1 998 cm3;299 KM;Automatyczna;4x4 (dołączany automatycznie);SUV;Szary;Używany;0Rb40trk5zro9mfHuBtkj7Le/GDgiJ3gTSkujkM9mqcj.1.As5PfesKdbAsJlcEmf94GA==
6143649481;BMW X3;47899.89;PLN;Przecław;https://www.otomoto.pl/osobowe/oferta/bmw-x3-ID6HM7SF.html;BMW;X3;;2013;247 500 km;Diesel;1 995 cm3;184 KM;Automatyczna;4x4 (dołączany automatycznie);SUV;Brązowy;Używany;lbd21PF2OlbtGQgfYE/yDvg8Cl2r33DytJP+14mx0tPW.1.5FMJygoalpTGKCuYJVKRxw==
6143649481;BMW X3;47899.89;PLN;Przecław;https://www.otomoto.pl/osobowe/oferta/bmw-x3-ID6HM7SF.html;BMW;X3;;2013;247 500 km;Diesel;1 995 cm3;184 KM;Automatyczna;4x4 (dołączany automatycznie);SUV;Brązowy;Używany;68Aq5iy9BIgHQ2wB02BHFGT/BbkWTHpuCtmNtZKSe2pp.1.YfF9FH/mQnSTKyt1fPMv2A==
6144989909;BMW X3 xDrive20d;139900;PLN;Rzeszów;https://www.otomoto.pl/osobowe/oferta/bmw-x3-ID6HRKAt.html;BMW;X3;xDrive20d;2021;70 440 km;Diesel;1 995 cm3;190 KM;Automatyczna;4x4 (stały);SUV;Biały;Używany;4tFOqOSKGE/m1XoJziciT4Ekm2wJC1DBJcmafktJz0M5.1.msyeQzzd4rjn2nB4OFoxWw==
6144989909;BMW X3 xDrive20d;139900;PLN;Rzeszów;https://www.otomoto.pl/osobowe/oferta/bmw-x3-ID6HRKAt.html;BMW;X3;xDrive20d;2021;70 440 km;Diesel;1 995 cm3;190 KM;Automatyczna;4x4 (stały);SUV;Biały;Używany;UcIqoHcqOfyqDW+ZU1gAde/3uw/4YMYt3C+VS4q2fZMp.1.p3U+vmO0x6znE/s3axAo+A==
6144989909;BMW X3 xDrive20d;139900;PLN;Rzeszów;https://www.otomoto.pl/osobowe/oferta/bmw-x3-ID6HRKAt.html;BMW;X3;xDrive20d;2021;70 440 km;Diesel;1 995 cm3;190 KM;Automatyczna;4x4 (stały);SUV;Biały;Używany;+BFCKMH/tw5C/lDlFn2jRoxb+YWGkWEk37nuxzh4gQw4.1.0P++bNoFjov4uZZdNCKgLA==
6139243783;BMW X3 xDrive20d;54900;PLN;Twardogóra;https://www.otomoto.pl/osobowe/oferta/bmw-x3-ID6HtDL1.html;BMW;X3;xDrive20d;2011;240 000 km;Diesel;1 995 cm3;184 KM;Manualna;4x4 (stały);SUV;Niebieski;Używany;XGUBKEWzXYjXcJIShlh4LIcN6fjsn2UYujRKFfW/X/qN.1.LLqnTcwQyAIhBpDmTPCeRw==
6139243783;BMW X3 xDrive20d;54900;PLN;Twardogóra;https://www.otomoto.pl/osobowe/oferta/bmw-x3-ID6HtDL1.html;BMW;X3;xDrive20d;2011;240 000 km;Diesel;1 995 cm3;184 KM;Manualna;4x4 (stały);SUV;Niebieski;Używany;i0cKFxzGmxIqCf99drZFfQDc1Yy4JZObCBVV1v1H3hmz.1.0DOvii3BkL4fIt5gfMxaDA==
6145661582;BMW X3;64900;PLN;Katowice;https://www.otomoto.pl/osobowe/oferta/bmw-x3-ID6HUzjU.html;BMW;X3;;2011;35 000 km;Diesel;1 995 cm3;184 KM;Manualna;;SUV;Szary;Używany;QSWgjke8aOQQito+0eEHMcsdJhudROHJZzVNCwes6FVd.1.F4cpudhkykU0tOFRzpObgg==
6145661582;BMW X3;64900;PLN;Katowice;https://www.otomoto.pl/osobowe/oferta/bmw-x3-ID6HUzjU.html;BMW;X3;;2011;35 000 km;Diesel;1 995 cm3;184 KM;Manualna;;SUV;Szary;Używany;l07Mqw6cYqnwRR9MtRd4JlG/andI8upYJz7jP8Pn7yxj.1.r5+BCh8Xq29g5LkNxI9Yfg==
6144402129;BMW X3;98398.77;PLN;Węgrzce;https://www.otomoto.pl/osobowe/oferta/bmw-x3-ID6HPhG9.html;BMW;X3;;2018;149 977 km;Diesel;1 995 cm3;190 KM;Automatyczna;4x4 (stały);SUV;Czarny;Używany;j43y1tSNon5VkeyXnYw4Zp9q/VweB8iD2oPjYqTR0yqa.1.559ZiNctHTQCgZQcl72uJg==
6144402129;BMW X3;98398.77;PLN;Węgrzce;https://www.otomoto.pl/osobowe/oferta/bmw-x3-ID6HPhG9.html;BMW;X3;;2018;149 977 km;Diesel;1 995 cm3;190 KM;Automatyczna;4x4 (stały);SUV;Czarny;Używany;PdQK5R3z1+mtZu4Z8tGqcuTZKZl01csRjctlse3ViMyG.1.YIzsZf5CPWdV2iyLXwREEw==
6145643379;BMW X3;299495;PLN;Olsztyn;https://www.otomoto.pl/osobowe/oferta/bmw-x3-ID6HUuAj.html;BMW;X3;;2026;1 km;Diesel;2 993 cm3;303 KM;Automatyczna;4x4 (dołączany automatycznie);SUV;Czarny;Nowy;
6145643379;BMW X3;299495;PLN;Olsztyn;https://www.otomoto.pl/osobowe/oferta/bmw-x3-ID6HUuAj.html;BMW;X3;;2026;1 km;Diesel;2 993 cm3;303 KM;Automatyczna;4x4 (dołączany automatycznie);SUV;Czarny;Nowy;
6145643379;BMW X3;299495;PLN;Olsztyn;https://www.otomoto.pl/osobowe/oferta/bmw-x3-ID6HUuAj.html;BMW;X3;;2026;1 km;Diesel;2 993 cm3;303 KM;Automatyczna;4x4 (dołączany automatycznie);SUV;Czarny;Nowy;
6145657740;BMW X3 xDrive20d Advantage;109900;PLN;Kielce;https://www.otomoto.pl/osobowe/oferta/bmw-x3-ID6HUyjV.html;BMW;X3;xDrive20d Advantage;2021;104 299 km;Diesel;1 995 cm3;190 KM;Automatyczna;4x4 (stały);SUV;Czarny;Używany;mw3ikMuEAUiH8IT9KyWs6wFe/cLCGVaNcASvpKdjYyFb.1.inT7ZqmeBUp3lyqTXuqPAw==
6145657740;BMW X3 xDrive20d Advantage;109900;PLN;Kielce;https://www.otomoto.pl/osobowe/oferta/bmw-x3-ID6HUyjV.html;BMW;X3;xDrive20d Advantage;2021;104 299 km;Diesel;1 995 cm3;190 KM;Automatyczna;4x4 (stały);SUV;Czarny;Używany;sdRtBnboqBV24KIHmQZfbI9Is0Xl8UYjW6gEmDWyZRdo.1.owosAaCd902w1IKsM5oX4A==
6144358995;BMW X3 xDrive30d M Sport;225900;PLN;Rzeszów;https://www.otomoto.pl/osobowe/oferta/bmw-x3-ID6HP6sr.html;BMW;X3;xDrive30d M Sport;2021;76 217 km;Diesel;2 993 cm3;265 KM;Automatyczna;4x4 (stały);SUV;Czarny;Używany;CVS8sI+tga24DV33+LFCq6C5xpsxikUKoQrdjTPlp8zI.1.ezKc35MTanIMgdI2RCbE8Q==
6144358995;BMW X3 xDrive30d M Sport;225900;PLN;Rzeszów;https://www.otomoto.pl/osobowe/oferta/bmw-x3-ID6HP6sr.html;BMW;X3;xDrive30d M Sport;2021;76 217 km;Diesel;2 993 cm3;265 KM;Automatyczna;4x4 (stały);SUV;Czarny;Używany;MOgD5b7BSnGiIlW0FV0O+RGoB5doPeKlFBRXRlJ2jUwB.1.mFAc0XErJCiQ6ruRQszzog==
6144358995;BMW X3 xDrive30d M Sport;225900;PLN;Rzeszów;https://www.otomoto.pl/osobowe/oferta/bmw-x3-ID6HP6sr.html;BMW;X3;xDrive30d M Sport;2021;76 217 km;Diesel;2 993 cm3;265 KM;Automatyczna;4x4 (stały);SUV;Czarny;Używany;o0fU/N+6SG3Fbg1NNtyRekWnw7DHBoXHyHe4o6+U7c2X.1.6eu81wSGZxTpV3c7vUDNgQ==
6145395314;BMW X3;339954;PLN;Warszawa;https://www.otomoto.pl/osobowe/oferta/bmw-x3-ID6HTs3g.html;BMW;X3;;2026;1 km;Diesel;2 993 cm3;303 KM;Automatyczna;4x4 (dołączany automatycznie);SUV;Niebieski;Nowy;
6145395314;BMW X3;339954;PLN;Warszawa;https://www.otomoto.pl/osobowe/oferta/bmw-x3-ID6HTs3g.html;BMW;X3;;2026;1 km;Diesel;2 993 cm3;303 KM;Automatyczna;4x4 (dołączany automatycznie);SUV;Niebieski;Nowy;
6145395314;BMW X3;339954;PLN;Warszawa;https://www.otomoto.pl/osobowe/oferta/bmw-x3-ID6HTs3g.html;BMW;X3;;2026;1 km;Diesel;2 993 cm3;303 KM;Automatyczna;4x4 (dołączany automatycznie);SUV;Niebieski;Nowy;
6145670569;BMW X3 xDrive30i GPF xLine sport;132222;PLN;Warszawa;https://www.otomoto.pl/osobowe/oferta/bmw-x3-ID6HUBER.html;BMW;X3;xDrive30i GPF xLine sport;2018;122 500 km;Benzyna;1 998 cm3;252 KM;Automatyczna;4x4 (dołączany automatycznie);SUV;Czarny;Używany;ArVpLTzFFrekTNKg06mu41oMgTeHsWzUXa+AtjLiXq7O.1.I5zVy+W9r1GcH70QCjRCXQ==
6145670569;BMW X3 xDrive30i GPF xLine sport;132222;PLN;Warszawa;https://www.otomoto.pl/osobowe/oferta/bmw-x3-ID6HUBER.html;BMW;X3;xDrive30i GPF xLine sport;2018;122 500 km;Benzyna;1 998 cm3;252 KM;Automatyczna;4x4 (dołączany automatycznie);SUV;Czarny;Używany;sjZ10eJwLIzttPc2pfcHvUlZmvJ9Sw61ONOMgZFkfAHY.1.e4N3w7m5r2mexRabjOKt8w==
